user_id,campaign,medium,source,fecha
,(organic),organic,google,2025-09-18
,(direct),(none),(direct),2025-09-18
,(referral),referral,pse.todo1.com,2025-09-18
,(direct),(none),(direct),2025-09-18
,(referral),referral,pse.todo1.com,2025-09-18
110402160708000,(direct),(none),(direct),2025-09-18
,pymes-canal-negocios,wtrack,email,2025-09-18
,(direct),(none),(direct),2025-09-18
,(direct),(none),(direct),2025-09-18
,pymes-canal-negocios,wtrack,email,2025-09-18
50727082517000,(direct),(none),(direct),2025-09-19
190509132722000,(direct),(none),(direct),2025-09-19
50727082517000,(direct),(none),(direct),2025-09-19
50727082517000,(direct),(none),(direct),2025-09-19
,personas-adquirencia,wtrack,email,2025-09-19
190509132722000,(direct),(none),(direct),2025-09-19
,(direct),(none),(direct),2025-09-22
,(direct),(none),(direct),2025-09-22
,(direct),(none),(direct),2025-09-24
,(direct),(none),(direct),2025-09-24
,(direct),(none),(direct),2025-09-25
,(direct),(none),(direct),2025-09-25
,(direct),(none),(direct),2025-09-25
,(direct),(none),(direct),2025-09-25
,(direct),(none),(direct),2025-09-25
991129145129000,(direct),(none),(direct),2025-09-26
991129145129000,(direct),(none),(direct),2025-09-26
,(organic),organic,google,2025-10-01
,(organic),organic,bing,2025-10-01
,(direct),(none),(direct),2025-10-01
,(organic),organic,google,2025-10-01
980628235415013,(direct),(none),(direct),2025-10-01
,BANCOLOMBIA_PSN_EST_SEM_CONS_CPC_TRAFICO_MIGRACION_OIC5400002_011_NEGOCIO,cpc,google,2025-10-01
51205171407000,(direct),(none),(direct),2025-10-01
,BANCOLOMBIA_PSN_EST_SEM_CONS_CPC_TRAFICO_MIGRACION_OIC5400002_011_NEGOCIO,cpc,google,2025-10-01
,(direct),(none),(direct),2025-10-01
,(direct),(none),(direct),2025-10-01
,BANCOLOMBIA_PSN_EST_SEM_CONS_CPC_TRAFICO_MIGRACION_OIC5400002_011_NEGOCIO,cpc,google,2025-10-01
,(organic),organic,google,2025-10-01
,(organic),organic,google,2025-10-01
,BANCOLOMBIA_PSN_EST_SEM_CONS_CPC_TRAFICO_MIGRACION_OIC5400002_011_NEGOCIO,cpc,google,2025-10-01
,personas-adquirencia,wtrack,email,2025-10-01
,personas-adquirencia,wtrack,email,2025-10-02
,personas-adquirencia,wtrack,email,2025-10-02
,(direct),(none),(direct),2025-10-02
,(direct),(none),(direct),2025-10-02
,personas-adquirencia,wtrack,email,2025-10-02
,(organic),organic,google,2025-10-05
,(direct),(none),(direct),2025-10-06
211115115813000,(direct),(none),(direct),2025-10-06
,(direct),(none),(direct),2025-10-06
,(direct),(none),(direct),2025-10-06
211115115813000,(direct),(none),(direct),2025-10-06
,(direct),(none),(direct),2025-10-06
,(direct),(none),(direct),2025-10-08
,(direct),(none),(direct),2025-10-08
,,cpc,google,2025-10-08
,personas-adquirencia,wtrack,email,2025-10-08
,personas-adquirencia,wtrack,email,2025-10-08
,(direct),(none),(direct),2025-10-08
,(direct),(none),(direct),2025-10-08
,(direct),(none),(direct),2025-10-08
,(direct),(none),(direct),2025-10-08
210105174944000,Htaccess-9-personas,Redirect,Organic,2025-10-09
,(organic),organic,google,2025-10-09
,(organic),organic,google,2025-10-09
,(organic),organic,google,2025-10-09
,personas-adquirencia,wtrack,email,2025-10-09
200723193521000,pymes-comercios-uso,wtrack,email,2025-10-10
,(direct),(none),(direct),2025-10-10
200723193521000,pymes-comercios-uso,wtrack,email,2025-10-10
200723193521000,pymes-comercios-uso,wtrack,email,2025-10-10
200723193521000,pymes-comercios-uso,wtrack,email,2025-10-10
,(direct),(none),(direct),2025-10-11
,(direct),(none),(direct),2025-10-13
,(organic),organic,bing,2025-10-14
,(organic),organic,bing,2025-10-14
,(organic),organic,bing,2025-10-14
190621095246000,always-on-app-bancolombia-solicitud-documentos-pantalla-tramites-solicitudes,link,app,2025-10-15
,(organic),organic,google,2025-10-15
,(direct),(none),(direct),2025-10-15
,(direct),(none),(direct),2025-10-15
,(direct),(none),(direct),2025-10-15
,(direct),(none),(direct),2025-10-15
,EMAIL_MECANICA_MAIL1_INDEPENDIENTES_MECANICA_MAIL1_OCTUBRE,link,email,2025-10-15
ccd3356ea3eb297a82c6176e31fde6e90cf58606a4ad423d22ba8d2901415092c482bf4b34894f8124e43f0e780c31be1f428e43c8e48c7e5cbed99fbdfef930,estacional-personas-otros-productos-tarjetadebito,Empaque,QR,2025-10-15
,(organic),organic,google,2025-10-15
,(direct),(none),(direct),2025-10-15
,(direct),(none),(direct),2025-10-15
170817190910007,(direct),(none),(direct),2025-10-16
170817190910007,(direct),(none),(direct),2025-10-16
,(organic),organic,google,2025-10-16
,EMAIL_MECANICA_MAIL1_INDEPENDIENTES_MECANICA_MAIL1_OCTUBRE,link,email,2025-10-16
,(direct),(none),(direct),2025-10-16
,(direct),(none),(direct),2025-10-17
980629003706002,(organic),organic,google,2025-10-17
,personas-llaves-negocios,wtrack,email,2025-10-17
,EMAIL_MECANICA_MAIL1_INDEPENDIENTES_MECANICA_MAIL1_OCTUBRE,link,email,2025-10-18
,EMAIL_MECANICA_MAIL1_INDEPENDIENTES_MECANICA_MAIL1_OCTUBRE,link,email,2025-10-18
70906144652000,(direct),(none),(direct),2025-10-18
,EMAIL_MECANICA_MAIL1_INDEPENDIENTES_MECANICA_MAIL1_OCTUBRE,link,email,2025-10-18
61022113831943,(direct),(none),(direct),2025-10-19
,(organic),organic,google,2025-10-19
,(direct),(none),(direct),2025-10-20
,BANCOLOMBIA_VD_EST_FB_PEF_CPA_CONVERSION_CUENTAS-DE-AHORRO-DAVE_MDO00885_ADSMURAI_020_VENTAS-DIGITALES,cpc,facebook,2025-10-21
,(direct),(none),(direct),2025-10-22
160825144910000,(direct),(none),(direct),2025-10-22
,(direct),(none),(direct),2025-10-22
,(direct),(none),(direct),2025-10-22
,BANCOLOMBIA_USO_AON_FB_CONS_CPC_TRAFICO_QR-COMERCIOS-DAVE_MDO00885_001_NEGOCIO,cpc,facebook,2025-10-22
,(organic),organic,google,2025-10-22
,BANCOLOMBIA_AT_EST_TIKTOK_AWN_CPM_ALCANCE_ADQUIRENCIA_EST_ACEPTACIONCOMERCIOS_MDO01080_MEDIATEAM,cpc,tiktok,2025-10-22
,(direct),(none),(direct),2025-10-22
,personas-gana-un-millon,wtrack,email,2025-10-22
161102104723000,(direct),(none),(direct),2025-10-22
,BANCOLOMBIA_USO_AON_FB_CONS_CPC_TRAFICO_QR-COMERCIOS-DAVE_MDO00885_001_NEGOCIO,cpc,facebook,2025-10-22
160825144910000,(direct),(none),(direct),2025-10-22
,BANCOLOMBIA_USO_AON_FB_CONS_CPC_TRAFICO_QR-COMERCIOS-DAVE_MDO00885_001_NEGOCIO,cpc,facebook,2025-10-22
160825144910000,(direct),(none),(direct),2025-10-22
,personas-gana-un-millon,wtrack,email,2025-10-22
,(organic),organic,google,2025-10-22
,BANCOLOMBIA_PSN_EST_GPMAX_PEF_CPA_CONVERSION_CLAVE-DINAMICA-DAVE_MDO00885_011_NEGOCIO,cpc,google,2025-10-22
,(direct),(none),(direct),2025-10-22
160825144910000,(direct),(none),(direct),2025-10-22
,BANCOLOMBIA_PSN_EST_GPMAX_PEF_CPA_CONVERSION_CLAVE-DINAMICA-DAVE_MDO00885_011_NEGOCIO,cpc,google,2025-10-22
160825144910000,(direct),(none),(direct),2025-10-22
160825144910000,(direct),(none),(direct),2025-10-22
,(direct),(none),(direct),2025-10-22
171206092216000,(direct),(none),(direct),2025-10-22
,BANCOLOMBIA_PSN_EST_GPMAX_PEF_CPA_CONVERSION_CLAVE-DINAMICA-DAVE_MDO00885_011_NEGOCIO,cpc,google,2025-10-22
,(direct),(none),(direct),2025-10-22
,(direct),(none),(direct),2025-10-22
,BANCOLOMBIA_AT_EST_FB_PEF_CPR_EVENTO_PAGOS_MDONEGOCIO_PASALA_GANANDO_023_NEGOCIO,cpc,facebook,2025-10-22
,(direct),(none),(direct),2025-10-22
,(direct),(none),(direct),2025-10-23
110112154906000,(direct),(none),(direct),2025-10-23
,(direct),(none),(direct),2025-10-23
,BANCOLOMBIA_AT_EST_FB_PEF_CPA_CONVERSION_ADQUIRENCIA_EST_ACEPTACIONCOMERCIOS_MDO01080_MEDIATEAM,cpc,facebook,2025-10-23
,EMAIL_MECANICA_MAIL1_INDEPENDIENTES_MECANICA_MAIL1_OCTUBRE,link,email,2025-10-23
,(direct),(none),(direct),2025-10-23
,BANCOLOMBIA_AT_EST_FB_PEF_CPA_CONVERSION_ADQUIRENCIA_EST_ACEPTACIONCOMERCIOS_MDO01080_MEDIATEAM,cpc,facebook,2025-10-23
,BANCOLOMBIA_AT_EST_FB_PEF_CPA_CONVERSION_ADQUIRENCIA_EST_ACEPTACIONCOMERCIOS_MDO01080_MEDIATEAM,cpc,facebook,2025-10-23
,(organic),organic,google,2025-10-24
,(direct),(none),(direct),2025-10-24
,(direct),(none),(direct),2025-10-24
,BANCOLOMBIA_AT_EST_FB_PEF_CPA_CONVERSION_ADQUIRENCIA_EST_ACEPTACIONCOMERCIOS_MDO01080_MEDIATEAM,cpc,facebook,2025-10-25
,BANCOLOMBIA_AT_EST_TIKTOK_AWN_CPM_ALCANCE_ADQUIRENCIA_EST_ACEPTACIONCOMERCIOS_MDO01080_MEDIATEAM,cpc,tiktok,2025-10-25
,(direct),(none),(direct),2025-10-26
,(direct),(none),(direct),2025-10-26
,EMAIL_MECANICA_MAIL1_INDEPENDIENTES_MECANICA_MAIL1_OCTUBRE,link,email,2025-10-28
,(direct),(none),(direct),2025-10-29
,BANCOLOMBIA_PSN_AON_FB_CONS_CPC_TRAFICO_DIRECCIONAMIENTO_CANALES-FISICOS_MDO00885_019,cpc,facebook,2025-10-29
,(direct),(none),(direct),2025-10-29
,BANCOLOMBIA_AT_EST_FB_PEF_CPA_CONVERSION_ADQUIRENCIA_EST_ACEPTACIONCOMERCIOS_MDO01080_MEDIATEAM,cpc,facebook,2025-10-29
,(direct),(none),(direct),2025-10-29
,(direct),(none),(direct),2025-10-29
,BANCOLOMBIA_PSN_AON_FB_CONS_CPC_TRAFICO_DIRECCIONAMIENTO_CANALES-FISICOS_MDO00885_019,cpc,facebook,2025-10-29
,(direct),(none),(direct),2025-10-29
,BANCOLOMBIA_AT_EST_FB_PEF_CPA_CONVERSION_ADQUIRENCIA_EST_ACEPTACIONCOMERCIOS_MDO01080_MEDIATEAM,cpc,facebook,2025-10-29
160730091308000,(direct),(none),(direct),2025-10-29
,EMAIL_PYMES_INDEPENDIENTES_ESTRATEGIA-5X-RMKTG1_OCTUBRE,link,email,2025-10-29
,(organic),organic,google,2025-10-30
,(direct),(none),(direct),2025-10-30
,EMAIL_PYMES_INDEPENDIENTES_ESTRATEGIA-5X-RMKTG1_OCTUBRE,link,email,2025-10-30
,EMAIL_PYMES_INDEPENDIENTES_ESTRATEGIA-5X-RMKTG1_OCTUBRE,link,email,2025-10-30
,EMAIL_PYMES_INDEPENDIENTES_ESTRATEGIA-5X-RMKTG1_OCTUBRE,link,email,2025-10-30
,(organic),organic,google,2025-10-31
,BANCOLOMBIA_AT_EST_FB_AWN_CPM_ALCANCE_ADQUIRENCIA_EST_ACEPTACIONCOMERCIOS_MDO01080_MEDIATEAM,cpc,facebook,2025-10-31
,(organic),organic,google,2025-10-31
,EMAIL_PYMES_INDEPENDIENTES_ESTRATEGIA-5X-RMKTG2_OCTUBRE,link,email,2025-10-31
161102104723000,(direct),(none),(direct),2025-11-01
161102104723000,(direct),(none),(direct),2025-11-01
,BANCOLOMBIA_CONT_EST_FB_CONS_CPC_TRAFICO_PODCAST_MDO00882_EDAP_ABRIL_023_NEGOCIO,cpc,facebook,2025-11-01
,BANCOLOMBIA_AT_EST_FB_PEF_CPA_CONVERSION_ADQUIRENCIA_EST_ACEPTACIONCOMERCIOS_MDO01080_MEDIATEAM,cpc,facebook,2025-11-01
,BANCOLOMBIA_AT_EST_FB_CONS_CPS_TRAFICO_ADQUIRENCIA_EST_ACEPTACIONCOMERCIOS_MDO01080_MEDIATEAM,cpc,facebook,2025-11-02
,BANCOLOMBIA_AT_EST_FB_CONS_CPS_TRAFICO_ADQUIRENCIA_EST_ACEPTACIONCOMERCIOS_MDO01080_MEDIATEAM,cpc,facebook,2025-11-03
,BANCOLOMBIA_AT_EST_TIKTOK_PEF_CPA_CONVERSION_BRE-B_OIE6500001_013_MEDIA-TEAM,cpc,tiktok,2025-11-04
,(direct),(none),(direct),2025-11-04
,(direct),(none),(direct),2025-11-04
,(direct),(none),(direct),2025-11-04
,(direct),(none),(direct),2025-11-04
,BANCOLOMBIA_AT_EST_TIKTOK_AWN_CPM_ALCANCE_ADQUIRENCIA_EST_ACEPTACIONCOMERCIOS_MDO01080_MEDIATEAM,cpc,tiktok,2025-11-04
,(direct),(none),(direct),2025-11-05
,Htaccess-9-personas,Redirect,Organic,2025-11-05
,personas-adquirencia,wtrack,email,2025-11-05
,(direct),(none),(direct),2025-11-05
,personas-adquirencia,wtrack,email,2025-11-05
,(organic),organic,google,2025-11-05
,(direct),(none),(direct),2025-11-05
,(direct),(none),(direct),2025-11-05
,personas-adquirencia,wtrack,email,2025-11-05
,(direct),(none),(direct),2025-11-05
,(organic),organic,google,2025-11-05
,(direct),(none),(direct),2025-11-05
,EMAIL_PYMES_INDEPENDIENTES_ESTRATEGIA-5X-REMKTING1_NOVIEMBRE,link,email,2025-11-05
,EMAIL_MECANICA_MAIL1_INDEPENDIENTES_MECANICA_MAIL1_OCTUBRE,link,email,2025-11-05
,(direct),(none),(direct),2025-11-05
,Htaccess-9-personas,Redirect,Organic,2025-11-05
170110185752000,always-on-personas-cuentas-pricing-cambiar-plan,link,app-bancolombia,2025-11-06
,BANCOLOMBIA_AT_EST_TIKTOK_AWN_CPM_ALCANCE_ADQUIRENCIA_EST_ACEPTACIONCOMERCIOS_MDO01080_MEDIATEAM,cpc,tiktok,2025-11-06
,(direct),(none),(direct),2025-11-06
,(organic),organic,google,2025-11-06
,BANCOLOMBIA_AT_EST_TIKTOK_AWN_CPM_ALCANCE_ADQUIRENCIA_EST_ACEPTACIONCOMERCIOS_MDO01080_MEDIATEAM,cpc,tiktok,2025-11-06
,(direct),(none),(direct),2025-11-06
,(direct),(none),(direct),2025-11-06
,(direct),(none),(direct),2025-11-07
,(direct),(none),(direct),2025-11-07
110112154906000,(direct),(none),(direct),2025-11-07
,BANCOLOMBIA_AT_EST_DV360-OPTIMIZED_CONS_CPS_TRAFICO_ADQUIRENCIA_EST_ACEPTACIÓNCOMERCIOS_MDO01080_MEDIATEAM,cpm,suscripcionesgratis.com,2025-11-07
,BANCOLOMBIA_AT_EST_FB_AWN_CPM_ALCANCE_ADQUIRENCIA_EST_ACEPTACIONCOMERCIOS_MDO01080_MEDIATEAM,cpc,facebook,2025-11-08
,(direct),(none),(direct),2025-11-08
,(direct),(none),(direct),2025-11-09
,(direct),(none),(direct),2025-11-09
,BANCOLOMBIA_AT_EST_FB_PEF_CPA_CONVERSION_ADQUIRENCIA_EST_ACEPTACIONCOMERCIOS_MDO01080_MEDIATEAM,cpc,facebook,2025-11-09
,(direct),(none),(direct),2025-11-09
,(direct),(none),(direct),2025-11-10
,BANCOLOMBIA_AT_EST_FB_PEF_CPA_CONVERSION_ADQUIRENCIA_EST_ACEPTACIONCOMERCIOS_MDO01080_MEDIATEAM,cpc,facebook,2025-11-10
,BANCOLOMBIA_AT_EST_TIKTOK_AWN_CPM_ALCANCE_ADQUIRENCIA_EST_ACEPTACIONCOMERCIOS_MDO01080_MEDIATEAM,cpc,tiktok,2025-11-10
,BANCOLOMBIA_AT_EST_FB_PEF_CPA_CONVERSION_ADQUIRENCIA_EST_ACEPTACIONCOMERCIOS_MDO01080_MEDIATEAM,cpc,facebook,2025-11-10
,BANCOLOMBIA_AT_EST_FB_PEF_CPA_CONVERSION_ADQUIRENCIA_EST_ACEPTACIONCOMERCIOS_MDO01080_MEDIATEAM,cpc,facebook,2025-11-10
60117123159001,(organic),organic,google,2025-11-11
,BANCOLOMBIA_PSN_EST_SEM_CONS_CPC_TRAFICO_MIGRACION_OIC5400002_SVP_023_NEGOCIO,cpc,google,2025-11-11
,BANCOLOMBIA_AT_EST_FB_PEF_CPA_CONVERSION_ADQUIRENCIA_EST_ACEPTACIONCOMERCIOS_MDO01080_MEDIATEAM,cpc,facebook,2025-11-11
,BANCOLOMBIA_AT_EST_FB_PEF_CPA_CONVERSION_ADQUIRENCIA_EST_ACEPTACIONCOMERCIOS_MDO01080_MEDIATEAM,cpc,facebook,2025-11-11
,BANCOLOMBIA_AT_EST_FB_PEF_CPA_CONVERSION_ADQUIRENCIA_EST_ACEPTACIONCOMERCIOS_MDO01080_MEDIATEAM,cpc,facebook,2025-11-12
170719102213000,BANCOLOMBIA_VD_AON_GDG_PEF_CPA_CONVERSION_TDC-PREAPROBADOS_MDO00855_013_VENTAS-DIGITALES,cpc,google,2025-11-12
,(direct),(none),(direct),2025-11-12
,(direct),(none),(direct),2025-11-12
,BANCOLOMBIA_AT_EST_TIKTOK_AWN_CPM_ALCANCE_ADQUIRENCIA_EST_ACEPTACIONCOMERCIOS_MDO01080_MEDIATEAM,cpc,tiktok,2025-11-12
,BANCOLOMBIA_AT_EST_TIKTOK_AWN_CPM_ALCANCE_ADQUIRENCIA_EST_ACEPTACIONCOMERCIOS_MDO01080_MEDIATEAM,cpc,tiktok,2025-11-12
,BANCOLOMBIA_AT_EST_FB_PEF_CPA_CONVERSION_ADQUIRENCIA_EST_ACEPTACIONCOMERCIOS_MDO01080_MEDIATEAM,cpc,facebook,2025-11-13
,(direct),(none),(direct),2025-11-13
,BANCOLOMBIA_PSN_EST_GPMAX_PEF_CPA_CONVERSION_DOMICILIACION_OIE6500002_024_NEGOCIO_2000019996,cpc,google,2025-11-13
,BANCOLOMBIA_USO_EST_FB_PEF_CPA_CONVERSION_QR-COMERCIOS_MDO01080_001_MEDIA-TEAM,cpc,facebook,2025-11-13
,BANCOLOMBIA_AT_EST_FB_PEF_CPA_CONVERSION_ADQUIRENCIA_EST_ACEPTACIONCOMERCIOS_MDO01080_MEDIATEAM,cpc,facebook,2025-11-13
,BANCOLOMBIA_AT_EST_FB_PEF_CPA_CONVERSION_ADQUIRENCIA_EST_ACEPTACIONCOMERCIOS_MDO01080_MEDIATEAM,cpc,facebook,2025-11-13
,(direct),(none),(direct),2025-11-13
,(direct),(none),(direct),2025-11-13
,(direct),(none),(direct),2025-11-13
,(direct),(none),(direct),2025-11-13
,BANCOLOMBIA_AT_EST_FB_PEF_CPA_CONVERSION_ADQUIRENCIA_EST_ACEPTACIONCOMERCIOS_MDO01080_MEDIATEAM,cpc,facebook,2025-11-13
,BANCOLOMBIA_AT_EST_FB_PEF_CPA_CONVERSION_ADQUIRENCIA_EST_ACEPTACIONCOMERCIOS_MDO01080_MEDIATEAM,cpc,facebook,2025-11-13
,BANCOLOMBIA_AT_EST_FB_PEF_CPA_CONVERSION_ADQUIRENCIA_EST_ACEPTACIONCOMERCIOS_MDO01080_MEDIATEAM,cpc,facebook,2025-11-13
,BANCOLOMBIA_AT_EST_FB_PEF_CPA_CONVERSION_ADQUIRENCIA_EST_ACEPTACIONCOMERCIOS_MDO01080_MEDIATEAM,cpc,facebook,2025-11-13
,(direct),(none),(direct),2025-11-13
,BANCOLOMBIA_AT_EST_FB_PEF_CPA_CONVERSION_ADQUIRENCIA_EST_ACEPTACIONCOMERCIOS_MDO01080_MEDIATEAM,cpc,facebook,2025-11-13
,BANCOLOMBIA_AT_EST_FB_PEF_CPA_CONVERSION_ADQUIRENCIA_EST_ACEPTACIONCOMERCIOS_MDO01080_MEDIATEAM,cpc,facebook,2025-11-13
,BANCOLOMBIA_AT_EST_FB_PEF_CPA_CONVERSION_ADQUIRENCIA_EST_ACEPTACIONCOMERCIOS_MDO01080_MEDIATEAM,cpc,facebook,2025-11-13
,BANCOLOMBIA_VD_AON_FB_PEF_CPA_CONVERSION_TDC-SOLICITUDES_MDO00855_ADVANTAGE_022_VENTAS-DIGITALES,cpc,facebook,2025-11-13
,BANCOLOMBIA_AT_EST_FB_PEF_CPA_CONVERSION_ADQUIRENCIA_EST_ACEPTACIONCOMERCIOS_MDO01080_MEDIATEAM,cpc,facebook,2025-11-13
,BANCOLOMBIA_AT_EST_FB_PEF_CPA_CONVERSION_ADQUIRENCIA_EST_ACEPTACIONCOMERCIOS_MDO01080_MEDIATEAM,cpc,facebook,2025-11-13
,BANCOLOMBIA_AT_EST_FB_PEF_CPA_CONVERSION_ADQUIRENCIA_EST_ACEPTACIONCOMERCIOS_MDO01080_MEDIATEAM,cpc,facebook,2025-11-13
,(direct),(none),(direct),2025-11-13
30603164713000,(direct),(none),(direct),2025-11-13
,BANCOLOMBIA_AT_EST_FB_PEF_CPA_CONVERSION_ADQUIRENCIA_EST_ACEPTACIONCOMERCIOS_MDO01080_MEDIATEAM,cpc,facebook,2025-11-13
,(direct),(none),(direct),2025-11-13
,BANCOLOMBIA_AT_EST_FB_PEF_CPA_CONVERSION_ADQUIRENCIA_EST_ACEPTACIONCOMERCIOS_MDO01080_MEDIATEAM,cpc,facebook,2025-11-13
,BANCOLOMBIA_AT_EST_FB_PEF_CPA_CONVERSION_ADQUIRENCIA_EST_ACEPTACIONCOMERCIOS_MDO01080_MEDIATEAM,cpc,facebook,2025-11-13
,BANCOLOMBIA_AT_EST_FB_PEF_CPA_CONVERSION_ADQUIRENCIA_EST_ACEPTACIONCOMERCIOS_MDO01080_MEDIATEAM,cpc,facebook,2025-11-13
,BANCOLOMBIA_AT_EST_FB_PEF_CPA_CONVERSION_ADQUIRENCIA_EST_ACEPTACIONCOMERCIOS_MDO01080_MEDIATEAM,cpc,facebook,2025-11-13
,BANCOLOMBIA_PSN_EST_GPMAX_PEF_CPA_CONVERSION_DOMICILIACION_OIE6500002_024_NEGOCIO_2000019996,cpc,google,2025-11-13
,BANCOLOMBIA_AT_EST_FB_PEF_CPA_CONVERSION_ADQUIRENCIA_EST_ACEPTACIONCOMERCIOS_MDO01080_MEDIATEAM,cpc,facebook,2025-11-13
,BANCOLOMBIA_AT_EST_FB_PEF_CPA_CONVERSION_ADQUIRENCIA_EST_ACEPTACIONCOMERCIOS_MDO01080_MEDIATEAM,cpc,facebook,2025-11-13
,(direct),(none),(direct),2025-11-13
,(direct),(none),(direct),2025-11-13
,BANCOLOMBIA_AT_EST_FB_PEF_CPA_CONVERSION_ADQUIRENCIA_EST_ACEPTACIONCOMERCIOS_MDO01080_MEDIATEAM,cpc,facebook,2025-11-13
,BANCOLOMBIA_AT_EST_FB_PEF_CPA_CONVERSION_ADQUIRENCIA_EST_ACEPTACIONCOMERCIOS_MDO01080_MEDIATEAM,cpc,facebook,2025-11-13
,BANCOLOMBIA_AT_EST_FB_PEF_CPA_CONVERSION_ADQUIRENCIA_EST_ACEPTACIONCOMERCIOS_MDO01080_MEDIATEAM,cpc,facebook,2025-11-13
,BANCOLOMBIA_USO_EST_FB_PEF_CPA_CONVERSION_QR-COMERCIOS_MDO01080_001_MEDIA-TEAM,cpc,facebook,2025-11-13
,(referral),referral,mastercard.tarjetasbancolombia.com,2025-11-13
110520084840000,(referral),referral,lm.facebook.com,2025-11-13
,BANCOLOMBIA_USO_EST_FB_PEF_CPA_CONVERSION_QR-COMERCIOS_MDO01080_001_MEDIA-TEAM,cpc,facebook,2025-11-13
,(direct),(none),(direct),2025-11-13
,BANCOLOMBIA_AT_EST_FB_PEF_CPA_CONVERSION_ADQUIRENCIA_EST_ACEPTACIONCOMERCIOS_MDO01080_MEDIATEAM,cpc,facebook,2025-11-13
,(direct),(none),(direct),2025-11-13
,BANCOLOMBIA_AT_EST_FB_PEF_CPA_CONVERSION_ADQUIRENCIA_EST_ACEPTACIONCOMERCIOS_MDO01080_MEDIATEAM,cpc,facebook,2025-11-13
,BANCOLOMBIA_AT_EST_FB_PEF_CPA_CONVERSION_ADQUIRENCIA_EST_ACEPTACIONCOMERCIOS_MDO01080_MEDIATEAM,cpc,facebook,2025-11-13
,BANCOLOMBIA_MCA_EST_FB_CONS_CPC_TRAFICO_NAVIDAD-2025_MECANICAUSO_NAVIDADMARCA_001_NEGOCIO,cpc,facebook,2025-11-13
,(direct),(none),(direct),2025-11-13
,BANCOLOMBIA_AT_EST_FB_PEF_CPA_CONVERSION_ADQUIRENCIA_EST_ACEPTACIONCOMERCIOS_MDO01080_MEDIATEAM,cpc,facebook,2025-11-13
,BANCOLOMBIA_AT_EST_FB_PEF_CPA_CONVERSION_ADQUIRENCIA_EST_ACEPTACIONCOMERCIOS_MDO01080_MEDIATEAM,cpc,facebook,2025-11-13
,BANCOLOMBIA_AT_EST_FB_PEF_CPA_CONVERSION_ADQUIRENCIA_EST_ACEPTACIONCOMERCIOS_MDO01080_MEDIATEAM,cpc,facebook,2025-11-13
,(direct),(none),(direct),2025-11-13
,BANCOLOMBIA_AT_EST_FB_PEF_CPA_CONVERSION_ADQUIRENCIA_EST_ACEPTACIONCOMERCIOS_MDO01080_MEDIATEAM,cpc,facebook,2025-11-13
,BANCOLOMBIA_AT_EST_FB_PEF_CPA_CONVERSION_LLAVES-COMERCIOS-QR_OIE6500001_001_MEDIA-TEAM_SOSTENIMIENTO,cpc,facebook,2025-11-13
,(direct),(none),(direct),2025-11-13
,BANCOLOMBIA_VD_AON_FB_PEF_CPA_CONVERSION_TDC-SOLICITUDES_MDO00855_ADVANTAGE_022_VENTAS-DIGITALES,cpc,facebook,2025-11-13
111128174325000,(organic),organic,google,2025-11-13
,BANCOLOMBIA_VD_AON_FB_PEF_CPA_CONVERSION_TDC-SOLICITUDES_MDO00855_ADVANTAGE_022_VENTAS-DIGITALES,cpc,facebook,2025-11-13
,(direct),(none),(direct),2025-11-13
30603164713000,(direct),(none),(direct),2025-11-13
,(direct),(none),(direct),2025-11-13
,BANCOLOMBIA_AT_EST_FB_PEF_CPA_CONVERSION_ADQUIRENCIA_EST_ACEPTACIONCOMERCIOS_MDO01080_MEDIATEAM,cpc,facebook,2025-11-13
,BANCOLOMBIA_AT_EST_FB_PEF_CPA_CONVERSION_ADQUIRENCIA_EST_ACEPTACIONCOMERCIOS_MDO01080_MEDIATEAM,cpc,facebook,2025-11-13
,BANCOLOMBIA_AT_EST_FB_PEF_CPA_CONVERSION_LLAVES-COMERCIOS-QR_OIE6500001_001_MEDIA-TEAM_SOSTENIMIENTO,cpc,facebook,2025-11-13
,BANCOLOMBIA_AT_EST_FB_PEF_CPA_CONVERSION_ADQUIRENCIA_EST_ACEPTACIONCOMERCIOS_MDO01080_MEDIATEAM,cpc,facebook,2025-11-13
,BANCOLOMBIA_AT_EST_FB_PEF_CPA_CONVERSION_ADQUIRENCIA_EST_ACEPTACIONCOMERCIOS_MDO01080_MEDIATEAM,cpc,facebook,2025-11-13
,(direct),(none),(direct),2025-11-13
,BANCOLOMBIA_AT_EST_FB_PEF_CPA_CONVERSION_LLAVES-COMERCIOS-QR_OIE6500001_001_MEDIA-TEAM_SOSTENIMIENTO,cpc,facebook,2025-11-13
,BANCOLOMBIA_AT_EST_FB_PEF_CPA_CONVERSION_ADQUIRENCIA_EST_ACEPTACIONCOMERCIOS_MDO01080_MEDIATEAM,cpc,facebook,2025-11-13
,BANCOLOMBIA_AT_EST_FB_PEF_CPA_CONVERSION_ADQUIRENCIA_EST_ACEPTACIONCOMERCIOS_MDO01080_MEDIATEAM,cpc,facebook,2025-11-13
,(direct),(none),(direct),2025-11-13
,BANCOLOMBIA_AT_EST_FB_PEF_CPA_CONVERSION_ADQUIRENCIA_EST_ACEPTACIONCOMERCIOS_MDO01080_MEDIATEAM,cpc,facebook,2025-11-13
,(direct),(none),(direct),2025-11-13
,BANCOLOMBIA_AT_EST_FB_PEF_CPA_CONVERSION_ADQUIRENCIA_EST_ACEPTACIONCOMERCIOS_MDO01080_MEDIATEAM,cpc,facebook,2025-11-13
,BANCOLOMBIA_AT_EST_FB_PEF_CPA_CONVERSION_LLAVES-COMERCIOS-QR_OIE6500001_001_MEDIA-TEAM_SOSTENIMIENTO,cpc,facebook,2025-11-13
,BANCOLOMBIA_AT_EST_FB_PEF_CPA_CONVERSION_ADQUIRENCIA_EST_ACEPTACIONCOMERCIOS_MDO01080_MEDIATEAM,cpc,facebook,2025-11-13
,BANCOLOMBIA_AT_EST_FB_PEF_CPA_CONVERSION_ADQUIRENCIA_EST_ACEPTACIONCOMERCIOS_MDO01080_MEDIATEAM,cpc,facebook,2025-11-13
,(direct),(none),(direct),2025-11-14
,BANCOLOMBIA_PSN_EST_FB_CONS_CPC_TRAFICO_DOMICILIACION_MDO01175_011_NEGOCIO,cpc,facebook,2025-11-14
,BANCOLOMBIA_AT_EST_FB_PEF_CPA_CONVERSION_ADQUIRENCIA_EST_ACEPTACIONCOMERCIOS_MDO01080_MEDIATEAM,cpc,facebook,2025-11-14
,BANCOLOMBIA_AT_EST_FB_PEF_CPA_CONVERSION_ADQUIRENCIA_EST_ACEPTACIONCOMERCIOS_MDO01080_MEDIATEAM,cpc,facebook,2025-11-14
,BANCOLOMBIA_AT_EST_FB_PEF_CPA_CONVERSION_ADQUIRENCIA_EST_ACEPTACIONCOMERCIOS_MDO01080_MEDIATEAM,cpc,facebook,2025-11-14
,(direct),(none),(direct),2025-11-14
,BANCOLOMBIA_AT_EST_FB_PEF_CPA_CONVERSION_ADQUIRENCIA_EST_ACEPTACIONCOMERCIOS_MDO01080_MEDIATEAM,cpc,facebook,2025-11-14
,BANCOLOMBIA_AT_EST_FB_PEF_CPA_CONVERSION_LLAVES-COMERCIOS-QR_OIE6500001_001_MEDIA-TEAM_SOSTENIMIENTO,cpc,facebook,2025-11-14
,BANCOLOMBIA_AT_EST_FB_PEF_CPA_CONVERSION_ADQUIRENCIA_EST_ACEPTACIONCOMERCIOS_MDO01080_MEDIATEAM,cpc,facebook,2025-11-14
,BANCOLOMBIA_AT_EST_FB_PEF_CPA_CONVERSION_ADQUIRENCIA_EST_ACEPTACIONCOMERCIOS_MDO01080_MEDIATEAM,cpc,facebook,2025-11-14
,BANCOLOMBIA_VD_AON_FB_CONS_CPC_TRAFICO_CUENTAS-DE-AHORRO_MDO00862_ADSMURAI_005_VENTAS-DIGITALES,cpc,facebook,2025-11-14
,(direct),(none),(direct),2025-11-14
,BANCOLOMBIA_AT_EST_FB_PEF_CPA_CONVERSION_ADQUIRENCIA_EST_ACEPTACIONCOMERCIOS_MDO01080_MEDIATEAM,cpc,facebook,2025-11-14
,BANCOLOMBIA_AT_EST_FB_PEF_CPA_CONVERSION_ADQUIRENCIA_EST_ACEPTACIONCOMERCIOS_MDO01080_MEDIATEAM,cpc,facebook,2025-11-14
,BANCOLOMBIA_AT_EST_TIKTOK_AWN_CPM_ALCANCE_ADQUIRENCIA_EST_ACEPTACIONCOMERCIOS_MDO01080_MEDIATEAM,cpc,tiktok,2025-11-14
,BANCOLOMBIA_AT_EST_FB_PEF_CPA_CONVERSION_ADQUIRENCIA_EST_ACEPTACIONCOMERCIOS_MDO01080_MEDIATEAM,cpc,facebook,2025-11-14
,(direct),(none),(direct),2025-11-14
,BANCOLOMBIA_AT_EST_FB_PEF_CPA_CONVERSION_ADQUIRENCIA_EST_ACEPTACIONCOMERCIOS_MDO01080_MEDIATEAM,cpc,facebook,2025-11-14
,(direct),(none),(direct),2025-11-14
,BANCOLOMBIA_AT_EST_FB_PEF_CPA_CONVERSION_ADQUIRENCIA_EST_ACEPTACIONCOMERCIOS_MDO01080_MEDIATEAM,cpc,facebook,2025-11-14
,(direct),(none),(direct),2025-11-14
,BANCOLOMBIA_AT_EST_FB_PEF_CPA_CONVERSION_ADQUIRENCIA_EST_ACEPTACIONCOMERCIOS_MDO01080_MEDIATEAM,cpc,facebook,2025-11-14
,BANCOLOMBIA_AT_EST_FB_PEF_CPA_CONVERSION_ADQUIRENCIA_EST_ACEPTACIONCOMERCIOS_MDO01080_MEDIATEAM,cpc,facebook,2025-11-14
,(direct),(none),(direct),2025-11-14
,BANCOLOMBIA_AT_EST_FB_PEF_CPA_CONVERSION_ADQUIRENCIA_EST_ACEPTACIONCOMERCIOS_MDO01080_MEDIATEAM,cpc,facebook,2025-11-14
,BANCOLOMBIA_AT_EST_FB_CONS_CPV_RVIDEO_ADQUIRENCIA_EST_ACEPTACIÓNCOMERCIOS_MDO01080_MEDIATEAM,cpc,facebook,2025-11-14
,BANCOLOMBIA_AT_EST_FB_PEF_CPA_CONVERSION_ADQUIRENCIA_EST_ACEPTACIONCOMERCIOS_MDO01080_MEDIATEAM,cpc,facebook,2025-11-14
,(direct),(none),(direct),2025-11-14
,BANCOLOMBIA_AT_EST_FB_PEF_CPA_CONVERSION_ADQUIRENCIA_EST_ACEPTACIONCOMERCIOS_MDO01080_MEDIATEAM,cpc,facebook,2025-11-14
,BANCOLOMBIA_PSN_EST_FB_CONS_CPV_RVIDEO_FLUVIP_DOMICILIACION_OIE6500002_024_NEGOCIO,cpc,facebook,2025-11-14
,BANCOLOMBIA_AT_EST_FB_PEF_CPA_CONVERSION_LLAVES-COMERCIOS-QR_OIE6500001_001_MEDIA-TEAM_SOSTENIMIENTO,cpc,facebook,2025-11-14
,BANCOLOMBIA_AT_EST_FB_PEF_CPA_CONVERSION_ADQUIRENCIA_EST_ACEPTACIONCOMERCIOS_MDO01080_MEDIATEAM,cpc,facebook,2025-11-14
,(direct),(none),(direct),2025-11-14
,(direct),(none),(direct),2025-11-14
,BANCOLOMBIA_AT_EST_FB_PEF_CPA_CONVERSION_ADQUIRENCIA_EST_ACEPTACIONCOMERCIOS_MDO01080_MEDIATEAM,cpc,facebook,2025-11-14
,BANCOLOMBIA_AT_EST_TIKTOK_AWN_CPM_ALCANCE_ADQUIRENCIA_EST_ACEPTACIONCOMERCIOS_MDO01080_MEDIATEAM,cpc,tiktok,2025-11-14
,(direct),(none),(direct),2025-11-14
,(direct),(none),(direct),2025-11-14
,BANCOLOMBIA_AT_EST_FB_PEF_CPA_CONVERSION_ADQUIRENCIA_EST_ACEPTACIONCOMERCIOS_MDO01080_MEDIATEAM,cpc,facebook,2025-11-14
,(direct),(none),(direct),2025-11-14
,(direct),(none),(direct),2025-11-14
,BANCOLOMBIA_AT_EST_FB_PEF_CPA_CONVERSION_LLAVES-COMERCIOS-QR_OIE6500001_001_MEDIA-TEAM_SOSTENIMIENTO,cpc,facebook,2025-11-14
,(direct),(none),(direct),2025-11-14
,BANCOLOMBIA_PSN_EST_FB_CONS_CPC_TRAFICO_DOMICILIACION_MDO01175_011_NEGOCIO,cpc,facebook,2025-11-14
,BANCOLOMBIA_AT_EST_FB_PEF_CPA_CONVERSION_ADQUIRENCIA_EST_ACEPTACIONCOMERCIOS_MDO01080_MEDIATEAM,cpc,facebook,2025-11-14
,BANCOLOMBIA_AT_EST_FB_PEF_CPA_CONVERSION_ADQUIRENCIA_EST_ACEPTACIONCOMERCIOS_MDO01080_MEDIATEAM,cpc,facebook,2025-11-14
,BANCOLOMBIA_AT_EST_FB_PEF_CPA_CONVERSION_ADQUIRENCIA_EST_ACEPTACIONCOMERCIOS_MDO01080_MEDIATEAM,cpc,facebook,2025-11-14
,BANCOLOMBIA_AT_EST_FB_PEF_CPA_CONVERSION_ADQUIRENCIA_EST_ACEPTACIONCOMERCIOS_MDO01080_MEDIATEAM,cpc,facebook,2025-11-14
,(direct),(none),(direct),2025-11-14
,BANCOLOMBIA_AT_EST_FB_PEF_CPA_CONVERSION_ADQUIRENCIA_EST_ACEPTACIONCOMERCIOS_MDO01080_MEDIATEAM,cpc,facebook,2025-11-14
,BANCOLOMBIA_AT_EST_FB_PEF_CPA_CONVERSION_ADQUIRENCIA_EST_ACEPTACIONCOMERCIOS_MDO01080_MEDIATEAM,cpc,facebook,2025-11-14
,BANCOLOMBIA_AT_EST_FB_PEF_CPA_CONVERSION_ADQUIRENCIA_EST_ACEPTACIONCOMERCIOS_MDO01080_MEDIATEAM,cpc,facebook,2025-11-14
,(direct),(none),(direct),2025-11-14
,(direct),(none),(direct),2025-11-14
,BANCOLOMBIA_AT_EST_FB_PEF_CPA_CONVERSION_ADQUIRENCIA_EST_ACEPTACIONCOMERCIOS_MDO01080_MEDIATEAM,cpc,facebook,2025-11-14
,(direct),(none),(direct),2025-11-15
,(direct),(none),(direct),2025-11-15
,BANCOLOMBIA_AT_EST_FB_PEF_CPA_CONVERSION_ADQUIRENCIA_EST_ACEPTACIONCOMERCIOS_MDO01080_MEDIATEAM,cpc,facebook,2025-11-15
,(direct),(none),(direct),2025-11-15
,BANCOLOMBIA_AT_EST_FB_PEF_CPA_CONVERSION_ADQUIRENCIA_EST_ACEPTACIONCOMERCIOS_MDO01080_MEDIATEAM,cpc,facebook,2025-11-15
,(direct),(none),(direct),2025-11-15
,BANCOLOMBIA_AT_EST_FB_PEF_CPA_CONVERSION_ADQUIRENCIA_EST_ACEPTACIONCOMERCIOS_MDO01080_MEDIATEAM,cpc,facebook,2025-11-15
,(direct),(none),(direct),2025-11-15
,BANCOLOMBIA_AT_EST_FB_PEF_CPA_CONVERSION_ADQUIRENCIA_EST_ACEPTACIONCOMERCIOS_MDO01080_MEDIATEAM,cpc,facebook,2025-11-15
,BANCOLOMBIA_AT_EST_FB_PEF_CPA_CONVERSION_ADQUIRENCIA_EST_ACEPTACIONCOMERCIOS_MDO01080_MEDIATEAM,cpc,facebook,2025-11-15
10430091648000,(organic),organic,google,2025-11-15
10430091648000,(organic),organic,google,2025-11-15
,BANCOLOMBIA_AT_EST_FB_PEF_CPA_CONVERSION_ADQUIRENCIA_EST_ACEPTACIONCOMERCIOS_MDO01080_MEDIATEAM,cpc,facebook,2025-11-16
,(direct),(none),(direct),2025-11-16
,BANCOLOMBIA_AT_EST_FB_PEF_CPA_CONVERSION_ADQUIRENCIA_EST_ACEPTACIONCOMERCIOS_MDO01080_MEDIATEAM,cpc,facebook,2025-11-16
,(direct),(none),(direct),2025-11-16
,BANCOLOMBIA_AT_EST_FB_PEF_CPA_CONVERSION_ADQUIRENCIA_EST_ACEPTACIONCOMERCIOS_MDO01080_MEDIATEAM,cpc,facebook,2025-11-16
,(direct),(none),(direct),2025-11-16
,(direct),(none),(direct),2025-11-16
,(direct),(none),(direct),2025-11-16
,BANCOLOMBIA_AT_EST_FB_PEF_CPA_CONVERSION_ADQUIRENCIA_EST_ACEPTACIONCOMERCIOS_MDO01080_MEDIATEAM,cpc,facebook,2025-11-16
,(direct),(none),(direct),2025-11-16
,BANCOLOMBIA_AT_EST_FB_PEF_CPA_CONVERSION_ADQUIRENCIA_EST_ACEPTACIONCOMERCIOS_MDO01080_MEDIATEAM,cpc,facebook,2025-11-16
,BANCOLOMBIA_VD_AON_FB_PEF_CPA_CONVERSION_TDC-SOLICITUDES_MDO00855_ADVANTAGE_022_VENTAS-DIGITALES,cpc,facebook,2025-11-16
,BANCOLOMBIA_AT_EST_FB_PEF_CPA_CONVERSION_ADQUIRENCIA_EST_ACEPTACIONCOMERCIOS_MDO01080_MEDIATEAM,cpc,facebook,2025-11-16
,BANCOLOMBIA_AT_EST_FB_PEF_CPA_CONVERSION_ADQUIRENCIA_EST_ACEPTACIONCOMERCIOS_MDO01080_MEDIATEAM,cpc,facebook,2025-11-16
,(direct),(none),(direct),2025-11-16
,BANCOLOMBIA_AT_EST_FB_PEF_CPA_CONVERSION_ADQUIRENCIA_EST_ACEPTACIONCOMERCIOS_MDO01080_MEDIATEAM,cpc,facebook,2025-11-16
,BANCOLOMBIA_AT_EST_FB_PEF_CPA_CONVERSION_ADQUIRENCIA_EST_ACEPTACIONCOMERCIOS_MDO01080_MEDIATEAM,cpc,facebook,2025-11-16
,BANCOLOMBIA_AT_EST_FB_PEF_CPA_CONVERSION_ADQUIRENCIA_EST_ACEPTACIONCOMERCIOS_MDO01080_MEDIATEAM,cpc,facebook,2025-11-16
,(direct),(none),(direct),2025-11-16
,BANCOLOMBIA_AT_EST_FB_PEF_CPA_CONVERSION_ADQUIRENCIA_EST_ACEPTACIONCOMERCIOS_MDO01080_MEDIATEAM,cpc,facebook,2025-11-16
,BANCOLOMBIA_AT_EST_FB_PEF_CPA_CONVERSION_LLAVES-COMERCIOS-QR_OIE6500001_001_MEDIA-TEAM,cpc,facebook,2025-11-16
,BANCOLOMBIA_AT_EST_FB_PEF_CPA_CONVERSION_ADQUIRENCIA_EST_ACEPTACIONCOMERCIOS_MDO01080_MEDIATEAM,cpc,facebook,2025-11-16
,BANCOLOMBIA_AT_EST_FB_PEF_CPA_CONVERSION_ADQUIRENCIA_EST_ACEPTACIONCOMERCIOS_MDO01080_MEDIATEAM,cpc,facebook,2025-11-16
,(direct),(none),(direct),2025-11-16
,BANCOLOMBIA_AT_EST_FB_PEF_CPA_CONVERSION_ADQUIRENCIA_EST_ACEPTACIONCOMERCIOS_MDO01080_MEDIATEAM,cpc,facebook,2025-11-16
,(direct),(none),(direct),2025-11-16
,BANCOLOMBIA_AT_EST_FB_PEF_CPA_CONVERSION_ADQUIRENCIA_EST_ACEPTACIONCOMERCIOS_MDO01080_MEDIATEAM,cpc,facebook,2025-11-17
,BANCOLOMBIA_AT_EST_FB_PEF_CPA_CONVERSION_ADQUIRENCIA_EST_ACEPTACIONCOMERCIOS_MDO01080_MEDIATEAM,cpc,facebook,2025-11-17
,BANCOLOMBIA_AT_EST_FB_PEF_CPA_CONVERSION_ADQUIRENCIA_EST_ACEPTACIONCOMERCIOS_MDO01080_MEDIATEAM,cpc,facebook,2025-11-17
,BANCOLOMBIA_AT_EST_TIKTOK_AWN_CPM_ALCANCE_ADQUIRENCIA_EST_ACEPTACIONCOMERCIOS_MDO01080_MEDIATEAM,cpc,tiktok,2025-11-17
,BANCOLOMBIA_AT_EST_FB_PEF_CPA_CONVERSION_ADQUIRENCIA_EST_ACEPTACIONCOMERCIOS_MDO01080_MEDIATEAM,cpc,facebook,2025-11-17
,BANCOLOMBIA_AT_EST_FB_PEF_CPA_CONVERSION_ADQUIRENCIA_EST_ACEPTACIONCOMERCIOS_MDO01080_MEDIATEAM,cpc,facebook,2025-11-17
,(direct),(none),(direct),2025-11-17
,BANCOLOMBIA_AT_EST_TIKTOK_AWN_CPM_ALCANCE_ADQUIRENCIA_EST_ACEPTACIONCOMERCIOS_MDO01080_MEDIATEAM,cpc,tiktok,2025-11-17
,BANCOLOMBIA_AT_EST_FB_PEF_CPA_CONVERSION_ADQUIRENCIA_EST_ACEPTACIONCOMERCIOS_MDO01080_MEDIATEAM,cpc,facebook,2025-11-17
,(direct),(none),(direct),2025-11-17
,BANCOLOMBIA_AT_EST_FB_CONS_CPV_RVIDEO_ADQUIRENCIA_EST_ACEPTACIÓNCOMERCIOS_MDO01080_MEDIATEAM,cpc,facebook,2025-11-17
,(direct),(none),(direct),2025-11-17
,BANCOLOMBIA_AT_EST_FB_PEF_CPA_CONVERSION_ADQUIRENCIA_EST_ACEPTACIONCOMERCIOS_MDO01080_MEDIATEAM,cpc,facebook,2025-11-17
,(direct),(none),(direct),2025-11-17
,(direct),(none),(direct),2025-11-17
,BANCOLOMBIA_AT_EST_FB_PEF_CPA_CONVERSION_ADQUIRENCIA_EST_ACEPTACIONCOMERCIOS_MDO01080_MEDIATEAM,cpc,facebook,2025-11-17
,BANCOLOMBIA_AT_EST_FB_PEF_CPA_CONVERSION_ADQUIRENCIA_EST_ACEPTACIONCOMERCIOS_MDO01080_MEDIATEAM,cpc,facebook,2025-11-17
,BANCOLOMBIA_AT_EST_FB_CONS_CPV_RVIDEO_ADQUIRENCIA_EST_ACEPTACIÓNCOMERCIOS_MDO01080_MEDIATEAM,cpc,facebook,2025-11-17
,(direct),(none),(direct),2025-11-17
,BANCOLOMBIA_AT_EST_FB_PEF_CPA_CONVERSION_ADQUIRENCIA_EST_ACEPTACIONCOMERCIOS_MDO01080_MEDIATEAM,cpc,facebook,2025-11-17
,BANCOLOMBIA_AT_EST_FB_PEF_CPA_CONVERSION_ADQUIRENCIA_EST_ACEPTACIONCOMERCIOS_MDO01080_MEDIATEAM,cpc,facebook,2025-11-17
,BANCOLOMBIA_AT_EST_FB_PEF_CPA_CONVERSION_ADQUIRENCIA_EST_ACEPTACIONCOMERCIOS_MDO01080_MEDIATEAM,cpc,facebook,2025-11-17
,BANCOLOMBIA_AT_EST_FB_PEF_CPA_CONVERSION_ADQUIRENCIA_EST_ACEPTACIONCOMERCIOS_MDO01080_MEDIATEAM,cpc,facebook,2025-11-17
,BANCOLOMBIA_AT_EST_FB_PEF_CPA_CONVERSION_ADQUIRENCIA_EST_ACEPTACIONCOMERCIOS_MDO01080_MEDIATEAM,cpc,facebook,2025-11-17
,BANCOLOMBIA_AT_EST_FB_AWN_CPM_RF_LLAVES-COMERCIOS-QR_OIE6500001_001_MEDIA-TEAM,cpc,facebook,2025-11-17
,BANCOLOMBIA_AT_EST_FB_PEF_CPA_CONVERSION_ADQUIRENCIA_EST_ACEPTACIONCOMERCIOS_MDO01080_MEDIATEAM,cpc,facebook,2025-11-17
,(direct),(none),(direct),2025-11-18
,BANCOLOMBIA_PSN_EST_FB_CONS_CPC_TRAFICO_DOMICILIACION_PROGRAMAR_OIE6500002_024_NEGOCIO,cpc,facebook,2025-11-18
,(direct),(none),(direct),2025-11-18
,BANCOLOMBIA_AT_EST_FB_PEF_CPA_CONVERSION_ADQUIRENCIA_EST_ACEPTACIONCOMERCIOS_MDO01080_MEDIATEAM,cpc,facebook,2025-11-18
,BANCOLOMBIA_AT_EST_FB_PEF_CPA_CONVERSION_ADQUIRENCIA_EST_ACEPTACIONCOMERCIOS_MDO01080_MEDIATEAM,cpc,facebook,2025-11-18
,BANCOLOMBIA_AT_EST_FB_PEF_CPA_CONVERSION_ADQUIRENCIA_EST_ACEPTACIONCOMERCIOS_MDO01080_MEDIATEAM,cpc,facebook,2025-11-18
,BANCOLOMBIA_AT_EST_FB_PEF_CPA_CONVERSION_ADQUIRENCIA_EST_ACEPTACIONCOMERCIOS_MDO01080_MEDIATEAM,cpc,facebook,2025-11-18
,(direct),(none),(direct),2025-11-18
,BANCOLOMBIA_AT_EST_FB_PEF_CPA_CONVERSION_LLAVES-COMERCIOS-QR_OIE6500001_001_MEDIA-TEAM_SOSTENIMIENTO,cpc,facebook,2025-11-18
,BANCOLOMBIA_AT_EST_FB_PEF_CPA_CONVERSION_ADQUIRENCIA_EST_ACEPTACIONCOMERCIOS_MDO01080_MEDIATEAM,cpc,facebook,2025-11-18
,BANCOLOMBIA_AT_EST_FB_PEF_CPA_CONVERSION_ADQUIRENCIA_EST_ACEPTACIONCOMERCIOS_MDO01080_MEDIATEAM,cpc,facebook,2025-11-18
,BANCOLOMBIA_AT_EST_FB_PEF_CPA_CONVERSION_ADQUIRENCIA_EST_ACEPTACIONCOMERCIOS_MDO01080_MEDIATEAM,cpc,facebook,2025-11-18
,(direct),(none),(direct),2025-11-18
,BANCOLOMBIA_AT_EST_FB_PEF_CPA_CONVERSION_ADQUIRENCIA_EST_ACEPTACIONCOMERCIOS_MDO01080_MEDIATEAM,cpc,facebook,2025-11-18
,BANCOLOMBIA_AT_EST_FB_PEF_CPA_CONVERSION_ADQUIRENCIA_EST_ACEPTACIONCOMERCIOS_MDO01080_MEDIATEAM,cpc,facebook,2025-11-18
,(direct),(none),(direct),2025-11-19
,(direct),(none),(direct),2025-11-19
,(direct),(none),(direct),2025-11-19
,BANCOLOMBIA_AT_EST_FB_PEF_CPA_CONVERSION_ADQUIRENCIA_EST_ACEPTACIONCOMERCIOS_MDO01080_MEDIATEAM,cpc,facebook,2025-11-19
,BANCOLOMBIA_AT_EST_FB_PEF_CPA_CONVERSION_ADQUIRENCIA_EST_ACEPTACIONCOMERCIOS_MDO01080_MEDIATEAM,cpc,facebook,2025-11-19
,BANCOLOMBIA_AT_EST_FB_PEF_CPA_CONVERSION_ADQUIRENCIA_EST_ACEPTACIONCOMERCIOS_MDO01080_MEDIATEAM,cpc,facebook,2025-11-19
,(direct),(none),(direct),2025-11-19
,BANCOLOMBIA_AT_EST_FB_PEF_CPA_CONVERSION_ADQUIRENCIA_EST_ACEPTACIONCOMERCIOS_MDO01080_MEDIATEAM,cpc,facebook,2025-11-19
91121130732000,(direct),(none),(direct),2025-11-19
,BANCOLOMBIA_AT_EST_FB_PEF_CPA_CONVERSION_ADQUIRENCIA_EST_ACEPTACIONCOMERCIOS_MDO01080_MEDIATEAM,cpc,facebook,2025-11-19
,BANCOLOMBIA_AT_EST_FB_PEF_CPA_CONVERSION_ADQUIRENCIA_EST_ACEPTACIONCOMERCIOS_MDO01080_MEDIATEAM,cpc,facebook,2025-11-19
,BANCOLOMBIA_AT_EST_FB_PEF_CPA_CONVERSION_ADQUIRENCIA_EST_ACEPTACIONCOMERCIOS_MDO01080_MEDIATEAM,cpc,facebook,2025-11-19
,always-on-personas-tarjeta-de-credito-pantalla-tramites-solicitudes,link,app-bancolombia,2025-11-19
,BANCOLOMBIA_AT_EST_FB_PEF_CPA_CONVERSION_ADQUIRENCIA_EST_ACEPTACIONCOMERCIOS_MDO01080_MEDIATEAM,cpc,facebook,2025-11-19
91121130732000,(direct),(none),(direct),2025-11-19
,(organic),organic,google,2025-11-19
,(direct),(none),(direct),2025-11-19
,BANCOLOMBIA_AT_EST_FB_PEF_CPA_CONVERSION_ADQUIRENCIA_EST_ACEPTACIONCOMERCIOS_MDO01080_MEDIATEAM,cpc,facebook,2025-11-19
,(direct),(none),(direct),2025-11-19
,(direct),(none),(direct),2025-11-19
,(direct),(none),(direct),2025-11-19
,120221448568370092,paid,fb,2025-11-19
,BANCOLOMBIA_AT_EST_FB_PEF_CPA_CONVERSION_ADQUIRENCIA_EST_ACEPTACIONCOMERCIOS_MDO01080_MEDIATEAM,cpc,facebook,2025-11-19
,(direct),(none),(direct),2025-11-19
,always-on-personas-tarjeta-de-credito-pantalla-tramites-solicitudes,link,app-bancolombia,2025-11-19
,BANCOLOMBIA_AT_EST_FB_PEF_CPA_CONVERSION_ADQUIRENCIA_EST_ACEPTACIONCOMERCIOS_MDO01080_MEDIATEAM,cpc,facebook,2025-11-19
,(direct),(none),(direct),2025-11-19
,(referral),referral,tropicanafm.com,2025-11-20
,BANCOLOMBIA_AT_EST_FB_PEF_CPA_CONVERSION_ADQUIRENCIA_EST_ACEPTACIONCOMERCIOS_MDO01080_MEDIATEAM,cpc,facebook,2025-11-20
,(direct),(none),(direct),2025-11-20
,BANCOLOMBIA_MCA_EST_FB_CONS_CPC_TRAFICO_NAVIDAD-2025_MECANICAUSO_NAVIDADMARCA_001_NEGOCIO,cpc,facebook,2025-11-20
,(direct),(none),(direct),2025-11-20
,(direct),(none),(direct),2025-11-20
,BANCOLOMBIA_AT_EST_FB_PEF_CPA_CONVERSION_ADQUIRENCIA_EST_ACEPTACIONCOMERCIOS_MDO01080_MEDIATEAM,cpc,facebook,2025-11-20
,EMAIL_MECANICA_MAIL1_INDEPENDIENTES_MECANICA_MAIL1_NOVIEMBRE,link,email,2025-11-20
,(referral),referral,m.facebook.com,2025-11-20
,BANCOLOMBIA_AT_EST_FB_PEF_CPA_CONVERSION_ADQUIRENCIA_EST_ACEPTACIONCOMERCIOS_MDO01080_MEDIATEAM,cpc,facebook,2025-11-20
,BANCOLOMBIA_AT_EST_FB_PEF_CPA_CONVERSION_ADQUIRENCIA_EST_ACEPTACIONCOMERCIOS_MDO01080_MEDIATEAM,cpc,facebook,2025-11-21
,120221448568370092,paid,fb,2025-11-21
,BANCOLOMBIA_AT_EST_FB_PEF_CPA_CONVERSION_ADQUIRENCIA_EST_ACEPTACIONCOMERCIOS_MDO01080_MEDIATEAM,cpc,facebook,2025-11-21
,BANCOLOMBIA_VD_AON_FB_PEF_CPA_CONVERSION_TDC-PREAPROBADOS_MDO00855_013_VENTAS-DIGITALES,cpc,facebook,2025-11-21
,BANCOLOMBIA_AT_EST_FB_PEF_CPA_CONVERSION_ADQUIRENCIA_EST_ACEPTACIONCOMERCIOS_MDO01080_MEDIATEAM,cpc,facebook,2025-11-21
,BANCOLOMBIA_PSN_EST_GPMAX_PEF_CPA_CONVERSION_BOLSILLOS-DAVE_MDO00885_024_NEGOCIO_2000019996,cpc,google,2025-11-21
,BANCOLOMBIA_AT_EST_FB_PEF_CPA_CONVERSION_ADQUIRENCIA_EST_ACEPTACIONCOMERCIOS_MDO01080_MEDIATEAM,cpc,facebook,2025-11-21
,BANCOLOMBIA_PSN_EST_GPMAX_PEF_CPA_CONVERSION_BOLSILLOS-DAVE_MDO00885_024_NEGOCIO_2000019996,cpc,google,2025-11-21
,BANCOLOMBIA_AT_EST_FB_PEF_CPA_CONVERSION_ADQUIRENCIA_EST_ACEPTACIONCOMERCIOS_MDO01080_MEDIATEAM,cpc,facebook,2025-11-21
,(direct),(none),(direct),2025-11-21
,BANCOLOMBIA_AT_EST_FB_PEF_CPA_CONVERSION_ADQUIRENCIA_EST_ACEPTACIONCOMERCIOS_MDO01080_MEDIATEAM,cpc,facebook,2025-11-21
,EMAIL_MECANICA_MAIL1_INDEPENDIENTES_MECANICA_MAIL1_NOVIEMBRE,link,email,2025-11-21
,(direct),(none),(direct),2025-11-21
,120221448568370092,paid,fb,2025-11-21
,BANCOLOMBIA_AT_EST_FB_PEF_CPA_CONVERSION_ADQUIRENCIA_EST_ACEPTACIONCOMERCIOS_MDO01080_MEDIATEAM,cpc,facebook,2025-11-21
,BANCOLOMBIA_AT_EST_DV360-OPTIMIZED_CONS_CPS_TRAFICO_ADQUIRENCIA_EST_ACEPTACIÓNCOMERCIOS_MDO01080_MEDIATEAM,cpm,Android (com.intsig.camscanner),2025-11-21
,SMS_PYMES_INDEPENDIENTES_COLOCACIONACEPTACIONDEPAGOS_NOVIEMBRE,link,sms,2025-11-22
,(direct),(none),(direct),2025-11-22
,(direct),(none),(direct),2025-11-22
210915150439000,(direct),(none),(direct),2025-11-22
,(direct),(none),(direct),2025-11-22
,(direct),(none),(direct),2025-11-22
,SMS_PYMES_INDEPENDIENTES_COLOCACIONACEPTACIONDEPAGOS_NOVIEMBRE,link,sms,2025-11-22
,SMS_PYMES_INDEPENDIENTES_COLOCACIONACEPTACIONDEPAGOS_NOVIEMBRE,link,sms,2025-11-22
,(direct),(none),(direct),2025-11-22
,SMS_PYMES_INDEPENDIENTES_COLOCACIONACEPTACIONDEPAGOS_NOVIEMBRE,link,sms,2025-11-22
140827134045006,(direct),(none),(direct),2025-11-22
,(direct),(none),(direct),2025-11-22
100321224557006,(direct),(none),(direct),2025-11-22
,(direct),(none),(direct),2025-11-22
,(direct),(none),(direct),2025-11-22
1218190458000,(direct),(none),(direct),2025-11-22
161011115750000,(direct),(none),(direct),2025-11-22
,SMS_PYMES_INDEPENDIENTES_COLOCACIONACEPTACIONDEPAGOS_NOVIEMBRE,link,sms,2025-11-22
,(direct),(none),(direct),2025-11-22
,SMS_PYMES_INDEPENDIENTES_COLOCACIONACEPTACIONDEPAGOS_NOVIEMBRE,link,sms,2025-11-22
,(direct),(none),(direct),2025-11-22
,(direct),(none),(direct),2025-11-22
,SMS_PYMES_INDEPENDIENTES_COLOCACIONACEPTACIONDEPAGOS_NOVIEMBRE,link,sms,2025-11-22
,(direct),(none),(direct),2025-11-22
,BANCOLOMBIA_AT_EST_GDG_PEF_CPA_CONVERSION_ADQUIRENCIA_EST_ACEPTACIONCOMERCIOS_MDO01080_MEDIATEAM,cpc,google,2025-11-22
,SMS_PYMES_INDEPENDIENTES_COLOCACIONACEPTACIONDEPAGOS_NOVIEMBRE,link,sms,2025-11-22
,SMS_PYMES_INDEPENDIENTES_COLOCACIONACEPTACIONDEPAGOS_NOVIEMBRE,link,sms,2025-11-22
201225163223000,(referral),referral,forms.office.com,2025-11-22
,(direct),(none),(direct),2025-11-22
,(organic),organic,google,2025-11-22
,(direct),(none),(direct),2025-11-22
,(direct),(none),(direct),2025-11-22
181108160932000,(direct),(none),(direct),2025-11-22
,(direct),(none),(direct),2025-11-22
,SMS_PYMES_INDEPENDIENTES_COLOCACIONACEPTACIONDEPAGOS_NOVIEMBRE,link,sms,2025-11-22
160411094812000,(direct),(none),(direct),2025-11-22
,(direct),(none),(direct),2025-11-22
,BANCOLOMBIA_AT_EST_FB_PEF_CPA_CONVERSION_ADQUIRENCIA_EST_ACEPTACIONCOMERCIOS_MDO01080_MEDIATEAM,cpc,facebook,2025-11-22
,SMS_PYMES_INDEPENDIENTES_COLOCACIONACEPTACIONDEPAGOS_NOVIEMBRE,link,sms,2025-11-22
,SMS_PYMES_INDEPENDIENTES_COLOCACIONACEPTACIONDEPAGOS_NOVIEMBRE,link,sms,2025-11-22
,(direct),(none),(direct),2025-11-22
40312160707000,(direct),(none),(direct),2025-11-22
,SMS_PYMES_INDEPENDIENTES_COLOCACIONACEPTACIONDEPAGOS_NOVIEMBRE,link,sms,2025-11-22
,SMS_PYMES_INDEPENDIENTES_COLOCACIONACEPTACIONDEPAGOS_NOVIEMBRE,link,sms,2025-11-22
,SMS_PYMES_INDEPENDIENTES_COLOCACIONACEPTACIONDEPAGOS_NOVIEMBRE,link,sms,2025-11-22
,(direct),(none),(direct),2025-11-22
,(direct),(none),(direct),2025-11-22
140827134045006,(direct),(none),(direct),2025-11-22
,,cpc,google,2025-11-22
,SMS_PYMES_INDEPENDIENTES_COLOCACIONACEPTACIONDEPAGOS_NOVIEMBRE,link,sms,2025-11-22
100923095037000,(direct),(none),(direct),2025-11-22
,SMS_PYMES_INDEPENDIENTES_COLOCACIONACEPTACIONDEPAGOS_NOVIEMBRE,link,sms,2025-11-22
,(direct),(none),(direct),2025-11-22
,(direct),(none),(direct),2025-11-22
,(direct),(none),(direct),2025-11-22
,(direct),(none),(direct),2025-11-22
,(direct),(none),(direct),2025-11-22
61022104349139,(direct),(none),(direct),2025-11-22
,(direct),(none),(direct),2025-11-22
,SMS_PYMES_INDEPENDIENTES_COLOCACIONACEPTACIONDEPAGOS_NOVIEMBRE,link,sms,2025-11-22
,(direct),(none),(direct),2025-11-22
,SMS_PYMES_INDEPENDIENTES_COLOCACIONACEPTACIONDEPAGOS_NOVIEMBRE,link,sms,2025-11-22
91121130732000,(direct),(none),(direct),2025-11-22
,(direct),(none),(direct),2025-11-22
170330151427000,always-on_tramitesysolicitudes,icono,app,2025-11-22
,(organic),organic,google,2025-11-22
,(direct),(none),(direct),2025-11-22
,(direct),(none),(direct),2025-11-22
,(direct),(none),(direct),2025-11-22
161011115750000,(direct),(none),(direct),2025-11-22
,(direct),(none),(direct),2025-11-22
,(organic),organic,google,2025-11-22
,(direct),(none),(direct),2025-11-22
,SMS_PYMES_INDEPENDIENTES_COLOCACIONACEPTACIONDEPAGOS_NOVIEMBRE,link,sms,2025-11-22
,(direct),(none),(direct),2025-11-22
,SMS_PYMES_INDEPENDIENTES_COLOCACIONACEPTACIONDEPAGOS_NOVIEMBRE,link,sms,2025-11-22
,(direct),(none),(direct),2025-11-22
,(direct),(none),(direct),2025-11-22
,SMS_PYMES_INDEPENDIENTES_COLOCACIONACEPTACIONDEPAGOS_NOVIEMBRE,link,sms,2025-11-22
,(direct),(none),(direct),2025-11-22
100805183512000,(direct),(none),(direct),2025-11-22
130708185628000,(direct),(none),(direct),2025-11-22
,(organic),organic,google,2025-11-22
,SMS_PYMES_INDEPENDIENTES_COLOCACIONACEPTACIONDEPAGOS_NOVIEMBRE,link,sms,2025-11-22
,(organic),organic,google,2025-11-22
160411094812000,(direct),(none),(direct),2025-11-22
,(organic),organic,google,2025-11-22
,(direct),(none),(direct),2025-11-22
201225163223000,(referral),referral,forms.office.com,2025-11-22
980629181532000,(organic),organic,google,2025-11-22
,(direct),(none),(direct),2025-11-22
,always-on-personas-svp-detalle-y-movimientos-crediagil,boton,svp,2025-11-22
,(organic),organic,google,2025-11-22
,SMS_PYMES_INDEPENDIENTES_COLOCACIONACEPTACIONDEPAGOS_NOVIEMBRE,link,sms,2025-11-22
,(direct),(none),(direct),2025-11-22
,(direct),(none),(direct),2025-11-22
161011115750000,(direct),(none),(direct),2025-11-22
,(direct),(none),(direct),2025-11-22
,BANCOLOMBIA_AT_EST_FB_CONS_CPV_RVIDEO_ADQUIRENCIA_EST_ACEPTACIÓNCOMERCIOS_MDO01080_MEDIATEAM,cpc,facebook,2025-11-22
181108160932000,(direct),(none),(direct),2025-11-22
,(organic),organic,google,2025-11-22
,EstadoCanales,botonAyuda,AppMiBancolombia,2025-11-22
,(direct),(none),(direct),2025-11-22
,SMS_PYMES_INDEPENDIENTES_COLOCACIONACEPTACIONDEPAGOS_NOVIEMBRE,link,sms,2025-11-22
,SMS_PYMES_INDEPENDIENTES_COLOCACIONACEPTACIONDEPAGOS_NOVIEMBRE,link,sms,2025-11-22
,BANCOLOMBIA_AT_EST_FB_PEF_CPA_CONVERSION_ADQUIRENCIA_EST_ACEPTACIONCOMERCIOS_MDO01080_MEDIATEAM,cpc,facebook,2025-11-22
,(direct),(none),(direct),2025-11-22
,(direct),(none),(direct),2025-11-22
,(direct),(none),(direct),2025-11-22
,(direct),(none),(direct),2025-11-22
,(direct),(none),(direct),2025-11-22
,,cpc,google,2025-11-22
40312160707000,(direct),(none),(direct),2025-11-22
,SMS_PYMES_INDEPENDIENTES_COLOCACIONACEPTACIONDEPAGOS_NOVIEMBRE,link,sms,2025-11-22
,(direct),(none),(direct),2025-11-22
,(direct),(none),(direct),2025-11-22
,SMS_PYMES_INDEPENDIENTES_COLOCACIONACEPTACIONDEPAGOS_NOVIEMBRE,link,sms,2025-11-22
220323100356000,(organic),organic,google,2025-11-22
,(direct),(none),(direct),2025-11-22
,,App,MiB,2025-11-22
61022092500320,(direct),(none),(direct),2025-11-22
,SMS_PYMES_INDEPENDIENTES_COLOCACIONACEPTACIONDEPAGOS_NOVIEMBRE,link,sms,2025-11-22
,SMS_PYMES_INDEPENDIENTES_COLOCACIONACEPTACIONDEPAGOS_NOVIEMBRE,link,sms,2025-11-22
,(organic),organic,google,2025-11-22
40312160707000,(direct),(none),(direct),2025-11-22
100210111255000,(organic),organic,google,2025-11-22
201225163223000,(referral),referral,forms.office.com,2025-11-22
,(direct),(none),(direct),2025-11-22
,(direct),(none),(direct),2025-11-22
,SMS_PYMES_INDEPENDIENTES_COLOCACIONACEPTACIONDEPAGOS_NOVIEMBRE,link,sms,2025-11-22
,SMS_PYMES_INDEPENDIENTES_COLOCACIONACEPTACIONDEPAGOS_NOVIEMBRE,link,sms,2025-11-22
,(direct),(none),(direct),2025-11-22
181003115657005,(direct),(none),(direct),2025-11-22
,SMS_PYMES_INDEPENDIENTES_COLOCACIONACEPTACIONDEPAGOS_NOVIEMBRE,link,sms,2025-11-22
,SMS_PYMES_INDEPENDIENTES_COLOCACIONACEPTACIONDEPAGOS_NOVIEMBRE,link,sms,2025-11-22
,(direct),(none),(direct),2025-11-22
980629181532000,(organic),organic,google,2025-11-22
80910163500000,(organic),organic,google,2025-11-22
,(direct),(none),(direct),2025-11-22
,(direct),(none),(direct),2025-11-22
170422111805000,(organic),organic,google,2025-11-22
140620142247000,estacional-personas-otros-productos-qrinteroperable,,appcard,2025-11-22
,SMS_PYMES_INDEPENDIENTES_COLOCACIONACEPTACIONDEPAGOS_NOVIEMBRE,link,sms,2025-11-22
,(organic),organic,google,2025-11-22
,SMS_PYMES_INDEPENDIENTES_COLOCACIONACEPTACIONDEPAGOS_NOVIEMBRE,link,sms,2025-11-22
61022092500320,(direct),(none),(direct),2025-11-22
,(organic),organic,google,2025-11-22
,(organic),organic,google,2025-11-22
91121130732000,(direct),(none),(direct),2025-11-22
,(direct),(none),(direct),2025-11-22
,(direct),(none),(direct),2025-11-22
,SMS_PYMES_INDEPENDIENTES_COLOCACIONACEPTACIONDEPAGOS_NOVIEMBRE,link,sms,2025-11-22
,BANCOLOMBIA_AT_EST_FB_PEF_CPA_CONVERSION_ADQUIRENCIA_EST_ACEPTACIONCOMERCIOS_MDO01080_MEDIATEAM,cpc,facebook,2025-11-22
,(direct),(none),(direct),2025-11-22
,SMS_PYMES_INDEPENDIENTES_COLOCACIONACEPTACIONDEPAGOS_NOVIEMBRE,link,sms,2025-11-22
,(direct),(none),(direct),2025-11-22
,(direct),(none),(direct),2025-11-22
,(direct),(none),(direct),2025-11-22
,SMS_PYMES_INDEPENDIENTES_COLOCACIONACEPTACIONDEPAGOS_NOVIEMBRE,link,sms,2025-11-22
,(direct),(none),(direct),2025-11-22
,(organic),organic,google,2025-11-22
,(direct),(none),(direct),2025-11-22
,(direct),(none),(direct),2025-11-22
,SMS_PYMES_INDEPENDIENTES_COLOCACIONACEPTACIONDEPAGOS_NOVIEMBRE,link,sms,2025-11-22
141215160829000,(organic),organic,google,2025-11-22
,(direct),(none),(direct),2025-11-22
190722230809005,(organic),organic,google,2025-11-22
,(direct),(none),(direct),2025-11-22
,SMS_PYMES_INDEPENDIENTES_COLOCACIONACEPTACIONDEPAGOS_NOVIEMBRE,link,sms,2025-11-22
,(direct),(none),(direct),2025-11-22
130708185628000,(direct),(none),(direct),2025-11-22
,(direct),(none),(direct),2025-11-22
,(organic),organic,google,2025-11-22
140620142247000,estacional-personas-otros-productos-qrinteroperable,,appcard,2025-11-22
,(direct),(none),(direct),2025-11-22
,(direct),(none),(direct),2025-11-22
,(organic),organic,google,2025-11-22
,SMS_PYMES_INDEPENDIENTES_COLOCACIONACEPTACIONDEPAGOS_NOVIEMBRE,link,sms,2025-11-22
,SMS_PYMES_INDEPENDIENTES_COLOCACIONACEPTACIONDEPAGOS_NOVIEMBRE,link,sms,2025-11-22
,SMS_PYMES_INDEPENDIENTES_COLOCACIONACEPTACIONDEPAGOS_NOVIEMBRE,link,sms,2025-11-22
,BANCOLOMBIA_AT_EST_FB_PEF_CPA_CONVERSION_ADQUIRENCIA_EST_ACEPTACIONCOMERCIOS_MDO01080_MEDIATEAM,cpc,facebook,2025-11-23
,(direct),(none),(direct),2025-11-23
,SMS_PYMES_INDEPENDIENTES_COLOCACIONACEPTACIONDEPAGOS_NOVIEMBRE,link,sms,2025-11-23
,BANCOLOMBIA_AT_EST_FB_PEF_CPA_CONVERSION_ADQUIRENCIA_EST_ACEPTACIONCOMERCIOS_MDO01080_MEDIATEAM,cpc,facebook,2025-11-23
,BANCOLOMBIA_AT_EST_FB_PEF_CPA_CONVERSION_ADQUIRENCIA_EST_ACEPTACIONCOMERCIOS_MDO01080_MEDIATEAM,cpc,facebook,2025-11-23
,BANCOLOMBIA_AT_EST_FB_PEF_CPA_CONVERSION_ADQUIRENCIA_EST_ACEPTACIONCOMERCIOS_MDO01080_MEDIATEAM,cpc,facebook,2025-11-23
,BANCOLOMBIA_AT_EST_FB_PEF_CPA_CONVERSION_ADQUIRENCIA_EST_ACEPTACIONCOMERCIOS_MDO01080_MEDIATEAM,cpc,facebook,2025-11-23
,BANCOLOMBIA_AT_EST_FB_PEF_CPA_CONVERSION_ADQUIRENCIA_EST_ACEPTACIONCOMERCIOS_MDO01080_MEDIATEAM,cpc,facebook,2025-11-23
,BANCOLOMBIA_AT_EST_FB_PEF_CPA_CONVERSION_ADQUIRENCIA_EST_ACEPTACIONCOMERCIOS_MDO01080_MEDIATEAM,cpc,facebook,2025-11-23
,(direct),(none),(direct),2025-11-23
,(organic),organic,google,2025-11-23
61022102847389,(organic),organic,google,2025-11-23
,BANCOLOMBIA_VD_AON_FB_AWN_CPM_ALCANCE_CUENTAS-DE-AHORRO-USO_MDO00875_PTFV_018_VENTAS-DIGITALES,cpc,facebook,2025-11-23
,BANCOLOMBIA_AT_EST_SEM-PDB_PEF_CPA_CONVERSION_ADQUIRENCIA_EST_ACEPTACIONCOMERCIOS_MDO01080_MEDIATEAM,cpc,google,2025-11-23
,BANCOLOMBIA_AT_EST_SEM-PDB_PEF_CPA_CONVERSION_ADQUIRENCIA_EST_ACEPTACIONCOMERCIOS_MDO01080_MEDIATEAM,cpc,google,2025-11-23
,BANCOLOMBIA_AT_EST_FB_PEF_CPA_CONVERSION_ADQUIRENCIA_EST_ACEPTACIONCOMERCIOS_MDO01080_MEDIATEAM,cpc,facebook,2025-11-23
,(direct),(none),(direct),2025-11-23
,BANCOLOMBIA_AT_EST_FB_PEF_CPA_CONVERSION_ADQUIRENCIA_EST_ACEPTACIONCOMERCIOS_MDO01080_MEDIATEAM,cpc,facebook,2025-11-23
,(referral),referral,sucursalpersonas.transaccionesbancolombia.com,2025-11-23
,(direct),(none),(direct),2025-11-23
,SMS_PYMES_INDEPENDIENTES_COLOCACIONACEPTACIONDEPAGOS_NOVIEMBRE,link,sms,2025-11-23
,BANCOLOMBIA_AT_EST_FB_PEF_CPA_CONVERSION_ADQUIRENCIA_EST_ACEPTACIONCOMERCIOS_MDO01080_MEDIATEAM,cpc,facebook,2025-11-23
,BANCOLOMBIA_AT_EST_FB_PEF_CPA_CONVERSION_ADQUIRENCIA_EST_ACEPTACIONCOMERCIOS_MDO01080_MEDIATEAM,cpc,facebook,2025-11-23
,BANCOLOMBIA_AT_EST_FB_PEF_CPA_CONVERSION_ADQUIRENCIA_EST_ACEPTACIONCOMERCIOS_MDO01080_MEDIATEAM,cpc,facebook,2025-11-23
190925120830013,(direct),(none),(direct),2025-11-23
,SMS_PYMES_INDEPENDIENTES_COLOCACIONACEPTACIONDEPAGOS_NOVIEMBRE,link,sms,2025-11-23
,BANCOLOMBIA_VD_AON_FB_AWN_CPM_ALCANCE_CUENTAS-DE-AHORRO-USO_MDO00875_PTFV_018_VENTAS-DIGITALES,cpc,facebook,2025-11-23
,BANCOLOMBIA_AT_EST_FB_PEF_CPA_CONVERSION_ADQUIRENCIA_EST_ACEPTACIONCOMERCIOS_MDO01080_MEDIATEAM,cpc,facebook,2025-11-23
,(direct),(none),(direct),2025-11-23
,BANCOLOMBIA_AT_EST_FB_PEF_CPA_CONVERSION_ADQUIRENCIA_EST_ACEPTACIONCOMERCIOS_MDO01080_MEDIATEAM,cpc,facebook,2025-11-23
,(direct),(none),(direct),2025-11-23
,(organic),organic,google,2025-11-23
,(direct),(none),(direct),2025-11-23
,(direct),(none),(direct),2025-11-23
,SMS_PYMES_INDEPENDIENTES_COLOCACIONACEPTACIONDEPAGOS_NOVIEMBRE,link,sms,2025-11-23
,(direct),(none),(direct),2025-11-24
,(direct),(none),(direct),2025-11-24
,120238007264490092,paid,fb,2025-11-24
,BANCOLOMBIA_AT_EST_FB_PEF_CPA_CONVERSION_ADQUIRENCIA_EST_ACEPTACIONCOMERCIOS_MDO01080_MEDIATEAM,cpc,facebook,2025-11-24
,(direct),(none),(direct),2025-11-24
,BANCOLOMBIA_AT_EST_FB_PEF_CPA_CONVERSION_LLAVES-COMERCIOS-QR_OIE6500001_001_MEDIA-TEAM_SOSTENIMIENTO,cpc,facebook,2025-11-24
,(direct),(none),(direct),2025-11-24
,(direct),(none),(direct),2025-11-24
,(organic),organic,google,2025-11-24
,BANCOLOMBIA_AT_EST_FB_PEF_CPA_CONVERSION_ADQUIRENCIA_EST_ACEPTACIONCOMERCIOS_MDO01080_MEDIATEAM,cpc,facebook,2025-11-24
,120238007264490092,paid,fb,2025-11-24
,BANCOLOMBIA_AT_EST_FB_PEF_CPA_CONVERSION_ADQUIRENCIA_EST_ACEPTACIONCOMERCIOS_MDO01080_MEDIATEAM,cpc,facebook,2025-11-24
,BANCOLOMBIA_AT_EST_FB_PEF_CPA_CONVERSION_ADQUIRENCIA_EST_ACEPTACIONCOMERCIOS_MDO01080_MEDIATEAM,cpc,facebook,2025-11-24
,(organic),organic,google,2025-11-24
,(direct),(none),(direct),2025-11-24
,(direct),(none),(direct),2025-11-24
,(direct),(none),(direct),2025-11-24
,(direct),(none),(direct),2025-11-24
,(direct),(none),(direct),2025-11-24
160413064026000,(direct),(none),(direct),2025-11-24
,(organic),organic,google,2025-11-24
,BANCOLOMBIA_AT_EST_FB_PEF_CPA_CONVERSION_ADQUIRENCIA_EST_ACEPTACIONCOMERCIOS_MDO01080_MEDIATEAM,cpc,facebook,2025-11-24
,SMS_PYMES_INDEPENDIENTES_COLOCACIONACEPTACIONDEPAGOS_NOVIEMBRE,link,sms,2025-11-24
,(direct),(none),(direct),2025-11-24
,(direct),(none),(direct),2025-11-24
,BANCOLOMBIA_AT_EST_FB_PEF_CPA_CONVERSION_ADQUIRENCIA_EST_ACEPTACIONCOMERCIOS_MDO01080_MEDIATEAM,cpc,facebook,2025-11-24
,(direct),(none),(direct),2025-11-24
,(organic),organic,bing,2025-11-24
,(direct),(none),(direct),2025-11-24
,(direct),(none),(direct),2025-11-24
,BANCOLOMBIA_AT_EST_FB_PEF_CPA_CONVERSION_ADQUIRENCIA_EST_ACEPTACIONCOMERCIOS_MDO01080_MEDIATEAM,cpc,facebook,2025-11-24
,(direct),(none),(direct),2025-11-24
,BANCOLOMBIA_AT_EST_FB_PEF_CPA_CONVERSION_LLAVES-COMERCIOS-QR_OIE6500001_001_MEDIA-TEAM_SOSTENIMIENTO,cpc,facebook,2025-11-24
,(direct),(none),(direct),2025-11-24
,(direct),(none),(direct),2025-11-24
,(direct),(none),(direct),2025-11-24
,BANCOLOMBIA_AT_EST_FB_PEF_CPA_CONVERSION_ADQUIRENCIA_EST_ACEPTACIONCOMERCIOS_MDO01080_MEDIATEAM,cpc,facebook,2025-11-24
,(direct),(none),(direct),2025-11-24
110824100253000,BANCOLOMBIA_AT_EST_FB_PEF_CPA_CONVERSION_LLAVES-COMERCIOS-QR_OIE6500001_001_MEDIA-TEAM,cpc,facebook,2025-11-24
,BANCOLOMBIA_AT_EST_FB_PEF_CPA_CONVERSION_ADQUIRENCIA_EST_ACEPTACIONCOMERCIOS_MDO01080_MEDIATEAM,cpc,facebook,2025-11-24
,BANCOLOMBIA_AT_EST_FB_PEF_CPA_CONVERSION_ADQUIRENCIA_EST_ACEPTACIONCOMERCIOS_MDO01080_MEDIATEAM,cpc,facebook,2025-11-24
160413064026000,(direct),(none),(direct),2025-11-24
,(direct),(none),(direct),2025-11-24
,BANCOLOMBIA_AT_EST_FB_PEF_CPA_CONVERSION_ADQUIRENCIA_EST_ACEPTACIONCOMERCIOS_MDO01080_MEDIATEAM,cpc,facebook,2025-11-25
,(organic),organic,google,2025-11-25
,(organic),organic,google,2025-11-25
,BANCOLOMBIA_AT_EST_GDG_PEF_CPA_CONVERSION_ADQUIRENCIA_EST_ACEPTACIONCOMERCIOS_MDO01080_MEDIATEAM,cpc,google,2025-11-25
51216164820000,(organic),organic,google,2025-11-25
,BANCOLOMBIA_AT_EST_FB_PEF_CPA_CONVERSION_ADQUIRENCIA_EST_ACEPTACIONCOMERCIOS_MDO01080_MEDIATEAM,cpc,facebook,2025-11-25
,SMS_PYMES_INDEPENDIENTES_COLOCACIONACEPTACIONDEPAGOS_NOVIEMBRE,link,sms,2025-11-25
,(organic),organic,google,2025-11-25
,(direct),(none),(direct),2025-11-25
,(direct),(none),(direct),2025-11-25
,(referral),referral,instagram.com,2025-11-25
,120221448568370092,paid,fb,2025-11-25
,(direct),(none),(direct),2025-11-25
,(direct),(none),(direct),2025-11-25
,EstadoCanales,botonAyuda,AppMiBancolombia,2025-11-25
,EstadoCanales,botonAyuda,AppMiBancolombia,2025-11-25
,(direct),(none),(direct),2025-11-25
,BANCOLOMBIA_AT_EST_FB_PEF_CPA_CONVERSION_ADQUIRENCIA_EST_ACEPTACIONCOMERCIOS_MDO01080_MEDIATEAM,cpc,facebook,2025-11-25
,(direct),(none),(direct),2025-11-25
,EstadoCanales,botonAyuda,AppMiBancolombia,2025-11-25
,(direct),(none),(direct),2025-11-25
,BANCOLOMBIA_AT_EST_FB_PEF_CPA_CONVERSION_LLAVES-COMERCIOS-QR_OIE6500001_001_MEDIA-TEAM_SOSTENIMIENTO,cpc,facebook,2025-11-25
,(direct),(none),(direct),2025-11-25
,BANCOLOMBIA_AT_EST_GDG_PEF_CPA_CONVERSION_ADQUIRENCIA_EST_ACEPTACIONCOMERCIOS_MDO01080_MEDIATEAM,cpc,google,2025-11-25
,BANCOLOMBIA_AT_EST_FB_PEF_CPA_CONVERSION_LLAVES-COMERCIOS-QR_OIE6500001_001_MEDIA-TEAM_SOSTENIMIENTO,cpc,facebook,2025-11-25
,BANCOLOMBIA_AT_EST_FB_PEF_CPA_CONVERSION_ADQUIRENCIA_EST_ACEPTACIONCOMERCIOS_MDO01080_MEDIATEAM,cpc,facebook,2025-11-25
,BANCOLOMBIA_AT_EST_FB_PEF_CPA_CONVERSION_ADQUIRENCIA_EST_ACEPTACIONCOMERCIOS_MDO01080_MEDIATEAM,cpc,facebook,2025-11-25
,(direct),(none),(direct),2025-11-25
,(direct),(none),(direct),2025-11-25
,(direct),(none),(direct),2025-11-25
,(direct),(none),(direct),2025-11-26
,(direct),(none),(direct),2025-11-26
,(direct),(none),(direct),2025-11-26
,BANCOLOMBIA_AT_EST_FB_PEF_CPA_CONVERSION_ADQUIRENCIA_EST_ACEPTACIONCOMERCIOS_MDO01080_MEDIATEAM,cpc,facebook,2025-11-26
,BANCOLOMBIA_AT_EST_FB_PEF_CPA_CONVERSION_ADQUIRENCIA_EST_ACEPTACIONCOMERCIOS_MDO01080_MEDIATEAM,cpc,facebook,2025-11-26
,BANCOLOMBIA_AT_EST_GDG_PEF_CPA_CONVERSION_ADQUIRENCIA_EST_ACEPTACIONCOMERCIOS_MDO01080_MEDIATEAM,cpc,google,2025-11-26
,BANCOLOMBIA_AT_EST_FB_PEF_CPA_CONVERSION_ADQUIRENCIA_EST_ACEPTACIONCOMERCIOS_MDO01080_MEDIATEAM,cpc,facebook,2025-11-26
,(direct),(none),(direct),2025-11-26
,BANCOLOMBIA_AT_EST_FB_PEF_CPA_CONVERSION_ADQUIRENCIA_EST_ACEPTACIONCOMERCIOS_MDO01080_MEDIATEAM,cpc,facebook,2025-11-26
220113111758000,(direct),(none),(direct),2025-11-26
,(direct),(none),(direct),2025-11-26
,BANCOLOMBIA_AT_EST_FB_PEF_CPA_CONVERSION_ADQUIRENCIA_EST_ACEPTACIONCOMERCIOS_MDO01080_MEDIATEAM,cpc,facebook,2025-11-26
,(direct),(none),(direct),2025-11-26
,(organic),organic,google,2025-11-26
,BANCOLOMBIA_AT_EST_FB_PEF_CPA_CONVERSION_ADQUIRENCIA_EST_ACEPTACIONCOMERCIOS_MDO01080_MEDIATEAM,cpc,facebook,2025-11-26
,BANCOLOMBIA_AT_EST_FB_PEF_CPA_CONVERSION_ADQUIRENCIA_EST_ACEPTACIONCOMERCIOS_MDO01080_MEDIATEAM,cpc,facebook,2025-11-26
,BANCOLOMBIA_AT_EST_FB_PEF_CPA_CONVERSION_ADQUIRENCIA_EST_ACEPTACIONCOMERCIOS_MDO01080_MEDIATEAM,cpc,facebook,2025-11-26
,BANCOLOMBIA_AT_EST_FB_PEF_CPA_CONVERSION_ADQUIRENCIA_EST_ACEPTACIONCOMERCIOS_MDO01080_MEDIATEAM,cpc,facebook,2025-11-26
,(direct),(none),(direct),2025-11-26
,EMAIL_MECANICA_MAIL1_INDEPENDIENTES_MECANICA_MAIL1_NOVIEMBRE,link,email,2025-11-26
,(direct),(none),(direct),2025-11-26
,BANCOLOMBIA_AT_EST_FB_PEF_CPA_CONVERSION_ADQUIRENCIA_EST_ACEPTACIONCOMERCIOS_MDO01080_MEDIATEAM,cpc,facebook,2025-11-26
,BANCOLOMBIA_AT_EST_FB_PEF_CPA_CONVERSION_ADQUIRENCIA_EST_ACEPTACIONCOMERCIOS_MDO01080_MEDIATEAM,cpc,facebook,2025-11-26
,(direct),(none),(direct),2025-11-26
,(direct),(none),(direct),2025-11-26
,BANCOLOMBIA_AT_EST_FB_PEF_CPA_CONVERSION_ADQUIRENCIA_EST_ACEPTACIONCOMERCIOS_MDO01080_MEDIATEAM,cpc,facebook,2025-11-26
,(direct),(none),(direct),2025-11-26
,BANCOLOMBIA_AT_EST_GDG_PEF_CPA_CONVERSION_ADQUIRENCIA_EST_ACEPTACIONCOMERCIOS_MDO01080_MEDIATEAM,cpc,google,2025-11-26
,(direct),(none),(direct),2025-11-26
,BANCOLOMBIA_AT_EST_FB_PEF_CPA_CONVERSION_ADQUIRENCIA_EST_ACEPTACIONCOMERCIOS_MDO01080_MEDIATEAM,cpc,facebook,2025-11-26
,BANCOLOMBIA_AT_EST_FB_PEF_CPA_CONVERSION_ADQUIRENCIA_EST_ACEPTACIONCOMERCIOS_MDO01080_MEDIATEAM,cpc,facebook,2025-11-26
,BANCOLOMBIA_AT_EST_FB_PEF_CPA_CONVERSION_ADQUIRENCIA_EST_ACEPTACIONCOMERCIOS_MDO01080_MEDIATEAM,cpc,facebook,2025-11-26
,(organic),organic,google,2025-11-26
,(direct),(none),(direct),2025-11-26
,(direct),(none),(direct),2025-11-26
210608181109000,(direct),(none),(direct),2025-11-26
,BANCOLOMBIA_AT_EST_FB_PEF_CPA_CONVERSION_ADQUIRENCIA_EST_ACEPTACIONCOMERCIOS_MDO01080_MEDIATEAM,cpc,facebook,2025-11-26
,BANCOLOMBIA_AT_EST_SEM-PDB_PEF_CPA_CONVERSION_ADQUIRENCIA_EST_ACEPTACIONCOMERCIOS_MDO01080_MEDIATEAM,cpc,google,2025-11-26
,BANCOLOMBIA_AT_EST_FB_PEF_CPA_CONVERSION_ADQUIRENCIA_EST_ACEPTACIONCOMERCIOS_MDO01080_MEDIATEAM,cpc,facebook,2025-11-26
,(direct),(none),(direct),2025-11-26
,BANCOLOMBIA_AT_EST_FB_PEF_CPA_CONVERSION_ADQUIRENCIA_EST_ACEPTACIONCOMERCIOS_MDO01080_MEDIATEAM,cpc,facebook,2025-11-26
,BANCOLOMBIA_AT_EST_FB_PEF_CPA_CONVERSION_ADQUIRENCIA_EST_ACEPTACIONCOMERCIOS_MDO01080_MEDIATEAM,cpc,facebook,2025-11-26
,(organic),organic,google,2025-11-26
,(direct),(none),(direct),2025-11-26
220113111758000,(direct),(none),(direct),2025-11-26
,(direct),(none),(direct),2025-11-26
,SMS_PYMES_INDEPENDIENTES_COLOCACIONACEPTACIONDEPAGOS_NOVIEMBRE,link,sms,2025-11-26
,(organic),organic,google,2025-11-26
,BANCOLOMBIA_AT_EST_FB_PEF_CPA_CONVERSION_ADQUIRENCIA_EST_ACEPTACIONCOMERCIOS_MDO01080_MEDIATEAM,cpc,facebook,2025-11-26
,(direct),(none),(direct),2025-11-26
,BANCOLOMBIA_AT_EST_GDG_PEF_CPA_CONVERSION_ADQUIRENCIA_EST_ACEPTACIONCOMERCIOS_MDO01080_MEDIATEAM,cpc,google,2025-11-26
,(direct),(none),(direct),2025-11-26
,BANCOLOMBIA_AT_EST_FB_PEF_CPA_CONVERSION_ADQUIRENCIA_EST_ACEPTACIONCOMERCIOS_MDO01080_MEDIATEAM,cpc,facebook,2025-11-26
,(organic),organic,google,2025-11-26
,SMS_PYMES_INDEPENDIENTES_COLOCACIONACEPTACIONDEPAGOS_NOVIEMBRE,link,sms,2025-11-26
,EMAIL_PYMES_INDEPENDIENTES_ESTRATEGIA-5X-REMKTING1_NOVIEMBRE,link,email,2025-11-26
,(organic),organic,google,2025-11-26
,(direct),(none),(direct),2025-11-26
,(organic),organic,google,2025-11-26
,BANCOLOMBIA_AT_EST_FB_PEF_CPA_CONVERSION_ADQUIRENCIA_EST_ACEPTACIONCOMERCIOS_MDO01080_MEDIATEAM,cpc,facebook,2025-11-26
,BANCOLOMBIA_AT_EST_SEM-PDB_PEF_CPA_CONVERSION_ADQUIRENCIA_EST_ACEPTACIONCOMERCIOS_MDO01080_MEDIATEAM,cpc,google,2025-11-26
,(direct),(none),(direct),2025-11-26
,BANCOLOMBIA_AT_EST_FB_PEF_CPA_CONVERSION_ADQUIRENCIA_EST_ACEPTACIONCOMERCIOS_MDO01080_MEDIATEAM,cpc,facebook,2025-11-26
,(direct),(none),(direct),2025-11-27
,BANCOLOMBIA_AT_EST_SEM-CT_PEF_CPA_CONVERSION_ADQUIRENCIA_EST_ACEPTACIONCOMERCIOS_MDO01080_MEDIATEAM,cpc,google,2025-11-27
,BANCOLOMBIA_AT_EST_FB_PEF_CPA_CONVERSION_ADQUIRENCIA_EST_ACEPTACIONCOMERCIOS_MDO01080_MEDIATEAM,cpc,facebook,2025-11-27
,BANCOLOMBIA_AT_EST_FB_PEF_CPA_CONVERSION_ADQUIRENCIA_EST_ACEPTACIONCOMERCIOS_MDO01080_MEDIATEAM,cpc,facebook,2025-11-27
,BANCOLOMBIA_AT_EST_FB_PEF_CPA_CONVERSION_ADQUIRENCIA_EST_ACEPTACIONCOMERCIOS_MDO01080_MEDIATEAM,cpc,facebook,2025-11-27
,(direct),(none),(direct),2025-11-27
,BANCOLOMBIA_AT_EST_FB_PEF_CPA_CONVERSION_ADQUIRENCIA_EST_ACEPTACIONCOMERCIOS_MDO01080_MEDIATEAM,cpc,facebook,2025-11-27
,BANCOLOMBIA_AT_EST_FB_PEF_CPA_CONVERSION_LLAVES-COMERCIOS-QR_OIE6500001_001_MEDIA-TEAM_SOSTENIMIENTO,cpc,facebook,2025-11-27
,BANCOLOMBIA_AT_EST_FB_PEF_CPA_CONVERSION_ADQUIRENCIA_EST_ACEPTACIONCOMERCIOS_MDO01080_MEDIATEAM,cpc,facebook,2025-11-27
,BANCOLOMBIA_AT_EST_FB_PEF_CPA_CONVERSION_ADQUIRENCIA_EST_ACEPTACIONCOMERCIOS_MDO01080_MEDIATEAM,cpc,facebook,2025-11-27
,(organic),organic,google,2025-11-27
140827134045006,(direct),(none),(direct),2025-11-27
,(direct),(none),(direct),2025-11-27
,(organic),organic,google,2025-11-27
,(direct),(none),(direct),2025-11-27
,BANCOLOMBIA_AT_EST_FB_PEF_CPA_CONVERSION_ADQUIRENCIA_EST_ACEPTACIONCOMERCIOS_MDO01080_MEDIATEAM,cpc,facebook,2025-11-27
,BANCOLOMBIA_AT_EST_FB_PEF_CPA_CONVERSION_LLAVES-COMERCIOS-QR_OIE6500001_001_MEDIA-TEAM_SOSTENIMIENTO,cpc,facebook,2025-11-27
,BANCOLOMBIA_AT_EST_FB_PEF_CPA_CONVERSION_ADQUIRENCIA_EST_ACEPTACIONCOMERCIOS_MDO01080_MEDIATEAM,cpc,facebook,2025-11-27
,(direct),(none),(direct),2025-11-27
,BANCOLOMBIA_VD_AON_FB_AWN_CPM_ALCANCE_CUENTAS-DE-AHORRO-USO_MDO00875_PTFV_018_VENTAS-DIGITALES,cpc,facebook,2025-11-27
,BANCOLOMBIA_AT_EST_FB_PEF_CPA_CONVERSION_ADQUIRENCIA_EST_ACEPTACIONCOMERCIOS_MDO01080_MEDIATEAM,cpc,facebook,2025-11-27
,(direct),(none),(direct),2025-11-27
,BANCOLOMBIA_AT_EST_FB_PEF_CPA_CONVERSION_ADQUIRENCIA_EST_ACEPTACIONCOMERCIOS_MDO01080_MEDIATEAM,cpc,facebook,2025-11-27
,BANCOLOMBIA_AT_EST_FB_PEF_CPA_CONVERSION_ADQUIRENCIA_EST_ACEPTACIONCOMERCIOS_MDO01080_MEDIATEAM,cpc,facebook,2025-11-27
,BANCOLOMBIA_AT_EST_FB_PEF_CPA_CONVERSION_ADQUIRENCIA_EST_ACEPTACIONCOMERCIOS_MDO01080_MEDIATEAM,cpc,facebook,2025-11-27
,(direct),(none),(direct),2025-11-27
,BANCOLOMBIA_AT_EST_FB_PEF_CPA_CONVERSION_ADQUIRENCIA_EST_ACEPTACIONCOMERCIOS_MDO01080_MEDIATEAM,cpc,facebook,2025-11-27
,(organic),organic,google,2025-11-27
,(organic),organic,google,2025-11-27
,BANCOLOMBIA_AT_EST_FB_PEF_CPA_CONVERSION_ADQUIRENCIA_EST_ACEPTACIONCOMERCIOS_MDO01080_MEDIATEAM,cpc,facebook,2025-11-27
,(direct),(none),(direct),2025-11-27
,(direct),(none),(direct),2025-11-27
,(direct),(none),(direct),2025-11-27
,(direct),(none),(direct),2025-11-27
,BANCOLOMBIA_VD_AON_FB_AWN_CPM_ALCANCE_CUENTAS-DE-AHORRO-USO_MDO00875_PTFV_018_VENTAS-DIGITALES,cpc,facebook,2025-11-27
,BANCOLOMBIA_AT_EST_FB_PEF_CPA_CONVERSION_ADQUIRENCIA_EST_ACEPTACIONCOMERCIOS_MDO01080_MEDIATEAM,cpc,facebook,2025-11-27
,BANCOLOMBIA_AT_EST_FB_PEF_CPA_CONVERSION_ADQUIRENCIA_EST_ACEPTACIONCOMERCIOS_MDO01080_MEDIATEAM,cpc,facebook,2025-11-27
,(direct),(none),(direct),2025-11-27
,BANCOLOMBIA_AT_EST_FB_PEF_CPA_CONVERSION_ADQUIRENCIA_EST_ACEPTACIONCOMERCIOS_MDO01080_MEDIATEAM,cpc,facebook,2025-11-27
,BANCOLOMBIA_VD_AON_FB_AWN_CPM_ALCANCE_CUENTAS-DE-AHORRO-USO_MDO00875_PTFV_018_VENTAS-DIGITALES,cpc,facebook,2025-11-27
,(direct),(none),(direct),2025-11-27
,(direct),(none),(direct),2025-11-27
,(organic),organic,google,2025-11-27
,(direct),(none),(direct),2025-11-27
,(direct),(none),(direct),2025-11-27
,(direct),(none),(direct),2025-11-27
,BANCOLOMBIA_AT_EST_FB_PEF_CPA_CONVERSION_ADQUIRENCIA_EST_ACEPTACIONCOMERCIOS_MDO01080_MEDIATEAM,cpc,facebook,2025-11-27
181108160932000,(direct),(none),(direct),2025-11-27
,BANCOLOMBIA_VD_AON_FB_AWN_CPM_ALCANCE_CUENTAS-DE-AHORRO-USO_MDO00875_PTFV_018_VENTAS-DIGITALES,cpc,facebook,2025-11-27
140827134045006,(direct),(none),(direct),2025-11-27
,BANCOLOMBIA_AT_EST_FB_PEF_CPA_CONVERSION_ADQUIRENCIA_EST_ACEPTACIONCOMERCIOS_MDO01080_MEDIATEAM,cpc,facebook,2025-11-27
,(direct),(none),(direct),2025-11-27
,(direct),(none),(direct),2025-11-27
91121130732000,(direct),(none),(direct),2025-11-27
,(direct),(none),(direct),2025-11-27
,(direct),(none),(direct),2025-11-27
181108160932000,(direct),(none),(direct),2025-11-27
140827134045006,(direct),(none),(direct),2025-11-27
,BANCOLOMBIA_AT_EST_FB_PEF_CPA_CONVERSION_ADQUIRENCIA_EST_ACEPTACIONCOMERCIOS_MDO01080_MEDIATEAM,cpc,facebook,2025-11-27
,BANCOLOMBIA_VD_AON_FB_AWN_CPM_ALCANCE_CUENTAS-DE-AHORRO-USO_MDO00875_PTFV_018_VENTAS-DIGITALES,cpc,facebook,2025-11-27
,BANCOLOMBIA_VD_AON_FB_AWN_CPM_ALCANCE_CUENTAS-DE-AHORRO-USO_MDO00875_PTFV_018_VENTAS-DIGITALES,cpc,facebook,2025-11-27
,(direct),(none),(direct),2025-11-27
,BANCOLOMBIA_AT_EST_FB_PEF_CPA_CONVERSION_ADQUIRENCIA_EST_ACEPTACIONCOMERCIOS_MDO01080_MEDIATEAM,cpc,facebook,2025-11-27
,(direct),(none),(direct),2025-11-27
,(direct),(none),(direct),2025-11-27
,(direct),(none),(direct),2025-11-28
,BANCOLOMBIA_AT_EST_FB_PEF_CPA_CONVERSION_ADQUIRENCIA_EST_ACEPTACIONCOMERCIOS_MDO01080_MEDIATEAM,cpc,facebook,2025-11-28
,BANCOLOMBIA_AT_EST_FB_PEF_CPA_CONVERSION_ADQUIRENCIA_EST_ACEPTACIONCOMERCIOS_MDO01080_MEDIATEAM,cpc,facebook,2025-11-28
,(direct),(none),(direct),2025-11-28
,BANCOLOMBIA_AT_EST_FB_PEF_CPA_CONVERSION_ADQUIRENCIA_EST_ACEPTACIONCOMERCIOS_MDO01080_MEDIATEAM,cpc,facebook,2025-11-28
,(organic),organic,bing,2025-11-28
,BANCOLOMBIA_AT_EST_FB_PEF_CPA_CONVERSION_ADQUIRENCIA_EST_ACEPTACIONCOMERCIOS_MDO01080_MEDIATEAM,cpc,facebook,2025-11-28
,(direct),(none),(direct),2025-11-28
,(direct),(none),(direct),2025-11-28
,BANCOLOMBIA_AT_EST_FB_PEF_CPA_CONVERSION_ADQUIRENCIA_EST_ACEPTACIONCOMERCIOS_MDO01080_MEDIATEAM,cpc,facebook,2025-11-28
,BANCOLOMBIA_AT_EST_FB_PEF_CPA_CONVERSION_LLAVES-COMERCIOS-QR_OIE6500001_001_MEDIA-TEAM_SOSTENIMIENTO,cpc,facebook,2025-11-28
,BANCOLOMBIA_AT_EST_FB_PEF_CPA_CONVERSION_ADQUIRENCIA_EST_ACEPTACIONCOMERCIOS_MDO01080_MEDIATEAM,cpc,facebook,2025-11-28
,BANCOLOMBIA_AT_EST_FB_PEF_CPA_CONVERSION_ADQUIRENCIA_EST_ACEPTACIONCOMERCIOS_MDO01080_MEDIATEAM,cpc,facebook,2025-11-28
,BANCOLOMBIA_AT_EST_FB_PEF_CPA_CONVERSION_ADQUIRENCIA_EST_ACEPTACIONCOMERCIOS_MDO01080_MEDIATEAM,cpc,facebook,2025-11-28
,BANCOLOMBIA_AT_EST_FB_PEF_CPA_CONVERSION_ADQUIRENCIA_EST_ACEPTACIONCOMERCIOS_MDO01080_MEDIATEAM,cpc,facebook,2025-11-28
,(direct),(none),(direct),2025-11-28
,BANCOLOMBIA_AT_EST_FB_PEF_CPA_CONVERSION_ADQUIRENCIA_EST_ACEPTACIONCOMERCIOS_MDO01080_MEDIATEAM,cpc,facebook,2025-11-28
,BANCOLOMBIA_AT_EST_FB_PEF_CPA_CONVERSION_ADQUIRENCIA_EST_ACEPTACIONCOMERCIOS_MDO01080_MEDIATEAM,cpc,facebook,2025-11-28
,BANCOLOMBIA_AT_EST_FB_PEF_CPA_CONVERSION_ADQUIRENCIA_EST_ACEPTACIONCOMERCIOS_MDO01080_MEDIATEAM,cpc,facebook,2025-11-28
,(direct),(none),(direct),2025-11-28
,(direct),(none),(direct),2025-11-28
,BANCOLOMBIA_AT_EST_FB_PEF_CPA_CONVERSION_ADQUIRENCIA_EST_ACEPTACIONCOMERCIOS_MDO01080_MEDIATEAM,cpc,facebook,2025-11-28
,BANCOLOMBIA_AT_EST_FB_PEF_CPA_CONVERSION_ADQUIRENCIA_EST_ACEPTACIONCOMERCIOS_MDO01080_MEDIATEAM,cpc,facebook,2025-11-28
,BANCOLOMBIA_AT_EST_FB_PEF_CPA_CONVERSION_ADQUIRENCIA_EST_ACEPTACIONCOMERCIOS_MDO01080_MEDIATEAM,cpc,facebook,2025-11-28
,BANCOLOMBIA_AT_EST_GDG_PEF_CPA_CONVERSION_ADQUIRENCIA_EST_ACEPTACIONCOMERCIOS_MDO01080_MEDIATEAM,cpc,google,2025-11-28
,BANCOLOMBIA_AT_EST_FB_PEF_CPA_CONVERSION_ADQUIRENCIA_EST_ACEPTACIONCOMERCIOS_MDO01080_MEDIATEAM,cpc,facebook,2025-11-28
,BANCOLOMBIA_AT_EST_FB_PEF_CPA_CONVERSION_ADQUIRENCIA_EST_ACEPTACIONCOMERCIOS_MDO01080_MEDIATEAM,cpc,facebook,2025-11-28
,BANCOLOMBIA_AT_EST_FB_PEF_CPA_CONVERSION_ADQUIRENCIA_EST_ACEPTACIONCOMERCIOS_MDO01080_MEDIATEAM,cpc,facebook,2025-11-28
,BANCOLOMBIA_AT_EST_FB_PEF_CPA_CONVERSION_ADQUIRENCIA_EST_ACEPTACIONCOMERCIOS_MDO01080_MEDIATEAM,cpc,facebook,2025-11-28
,BANCOLOMBIA_AT_EST_FB_PEF_CPA_CONVERSION_ADQUIRENCIA_EST_ACEPTACIONCOMERCIOS_MDO01080_MEDIATEAM,cpc,facebook,2025-11-28
,(direct),(none),(direct),2025-11-29
,(direct),(none),(direct),2025-11-29
,BANCOLOMBIA_AT_EST_FB_PEF_CPA_CONVERSION_ADQUIRENCIA_EST_ACEPTACIONCOMERCIOS_MDO01080_MEDIATEAM,cpc,facebook,2025-11-29
,(organic),organic,google,2025-11-29
,(direct),(none),(direct),2025-11-29
,BANCOLOMBIA_AT_EST_FB_PEF_CPA_CONVERSION_ADQUIRENCIA_EST_ACEPTACIONCOMERCIOS_MDO01080_MEDIATEAM,cpc,facebook,2025-11-29
,(organic),organic,google,2025-11-29
,BANCOLOMBIA_AT_EST_FB_PEF_CPA_CONVERSION_ADQUIRENCIA_EST_ACEPTACIONCOMERCIOS_MDO01080_MEDIATEAM,cpc,facebook,2025-11-29
,BANCOLOMBIA_AT_EST_FB_PEF_CPA_CONVERSION_ADQUIRENCIA_EST_ACEPTACIONCOMERCIOS_MDO01080_MEDIATEAM,cpc,facebook,2025-11-29
,(direct),(none),(direct),2025-11-29
,BANCOLOMBIA_AT_EST_FB_PEF_CPA_CONVERSION_ADQUIRENCIA_EST_ACEPTACIONCOMERCIOS_MDO01080_MEDIATEAM,cpc,facebook,2025-11-29
,BANCOLOMBIA_AT_EST_FB_PEF_CPA_CONVERSION_ADQUIRENCIA_EST_ACEPTACIONCOMERCIOS_MDO01080_MEDIATEAM,cpc,facebook,2025-11-29
,BANCOLOMBIA_AT_EST_FB_PEF_CPA_CONVERSION_ADQUIRENCIA_EST_ACEPTACIONCOMERCIOS_MDO01080_MEDIATEAM,cpc,facebook,2025-11-29
,BANCOLOMBIA_AT_EST_FB_PEF_CPA_CONVERSION_ADQUIRENCIA_EST_ACEPTACIONCOMERCIOS_MDO01080_MEDIATEAM,cpc,facebook,2025-11-29
,BANCOLOMBIA_AT_EST_FB_PEF_CPA_CONVERSION_ADQUIRENCIA_EST_ACEPTACIONCOMERCIOS_MDO01080_MEDIATEAM,cpc,facebook,2025-11-29
,BANCOLOMBIA_AT_EST_FB_PEF_CPA_CONVERSION_ADQUIRENCIA_EST_ACEPTACIONCOMERCIOS_MDO01080_MEDIATEAM,cpc,facebook,2025-11-29
180313102036002,(direct),(none),(direct),2025-11-29
,BANCOLOMBIA_AT_EST_FB_PEF_CPA_CONVERSION_ADQUIRENCIA_EST_ACEPTACIONCOMERCIOS_MDO01080_MEDIATEAM,cpc,facebook,2025-11-29
,(direct),(none),(direct),2025-11-29
,BANCOLOMBIA_AT_EST_FB_PEF_CPA_CONVERSION_ADQUIRENCIA_EST_ACEPTACIONCOMERCIOS_MDO01080_MEDIATEAM,cpc,facebook,2025-11-29
,BANCOLOMBIA_AT_EST_FB_PEF_CPA_CONVERSION_ADQUIRENCIA_EST_ACEPTACIONCOMERCIOS_MDO01080_MEDIATEAM,cpc,facebook,2025-11-29
,(direct),(none),(direct),2025-11-29
,BANCOLOMBIA_AT_EST_FB_PEF_CPA_CONVERSION_ADQUIRENCIA_EST_ACEPTACIONCOMERCIOS_MDO01080_MEDIATEAM,cpc,facebook,2025-11-29
,(direct),(none),(direct),2025-11-29
,(direct),(none),(direct),2025-11-29
,(direct),(none),(direct),2025-11-29
,(direct),(none),(direct),2025-11-29
,(direct),(none),(direct),2025-11-29
,BANCOLOMBIA_AT_EST_FB_PEF_CPA_CONVERSION_ADQUIRENCIA_EST_ACEPTACIONCOMERCIOS_MDO01080_MEDIATEAM,cpc,facebook,2025-11-29
,(organic),organic,google,2025-11-29
,(direct),(none),(direct),2025-11-30
,(direct),(none),(direct),2025-11-30
91121130732000,(direct),(none),(direct),2025-11-30
,(direct),(none),(direct),2025-11-30
,BANCOLOMBIA_AT_EST_FB_PEF_CPA_CONVERSION_ADQUIRENCIA_EST_ACEPTACIONCOMERCIOS_MDO01080_MEDIATEAM,cpc,facebook,2025-11-30
,BANCOLOMBIA_AT_EST_FB_PEF_CPA_CONVERSION_ADQUIRENCIA_EST_ACEPTACIONCOMERCIOS_MDO01080_MEDIATEAM,cpc,facebook,2025-11-30
,BANCOLOMBIA_AT_EST_GPMAX_PEF_CPA_CONVERSION_LLAVES-COMERCIOS-QR_OIE6500001_001_MEDIA-TEAM_SOSTENIMIENTO,cpc,google,2025-11-30
,BANCOLOMBIA_AT_EST_FB_CONS_CPV_RVIDEO_ADQUIRENCIA_EST_ACEPTACIÓNCOMERCIOS_MDO01080_MEDIATEAM,cpc,facebook,2025-11-30
,BANCOLOMBIA_AT_EST_FB_PEF_CPA_CONVERSION_ADQUIRENCIA_EST_ACEPTACIONCOMERCIOS_MDO01080_MEDIATEAM,cpc,facebook,2025-11-30
,(direct),(none),(direct),2025-11-30
,BANCOLOMBIA_AT_EST_FB_PEF_CPA_CONVERSION_ADQUIRENCIA_EST_ACEPTACIONCOMERCIOS_MDO01080_MEDIATEAM,cpc,facebook,2025-11-30
,BANCOLOMBIA_AT_EST_SEM-CT_PEF_CPA_CONVERSION_ADQUIRENCIA_EST_ACEPTACIONCOMERCIOS_MDO01080_MEDIATEAM,cpc,google,2025-11-30
,(direct),(none),(direct),2025-11-30
,BANCOLOMBIA_AT_EST_FB_PEF_CPA_CONVERSION_ADQUIRENCIA_EST_ACEPTACIONCOMERCIOS_MDO01080_MEDIATEAM,cpc,facebook,2025-11-30
,BANCOLOMBIA_AT_EST_FB_PEF_CPA_CONVERSION_ADQUIRENCIA_EST_ACEPTACIONCOMERCIOS_MDO01080_MEDIATEAM,cpc,facebook,2025-11-30
,(direct),(none),(direct),2025-11-30
,BANCOLOMBIA_AT_EST_SEM-CT_PEF_CPA_CONVERSION_ADQUIRENCIA_EST_ACEPTACIONCOMERCIOS_MDO01080_MEDIATEAM,cpc,google,2025-11-30
,BANCOLOMBIA_AT_EST_GPMAX_PEF_CPA_CONVERSION_LLAVES-COMERCIOS-QR_OIE6500001_001_MEDIA-TEAM_SOSTENIMIENTO,cpc,google,2025-11-30
,BANCOLOMBIA_PSN_AON_FB_CONS_CPC_TRAFICO_DIRECCIONAMIENTO_CANALES-FISICOS_MDO00885_019,cpc,facebook,2025-11-30
51216164820000,(organic),organic,google,2025-11-30
,BANCOLOMBIA_AT_EST_GDG_PEF_CPA_CONVERSION_ADQUIRENCIA_EST_ACEPTACIONCOMERCIOS_MDO01080_MEDIATEAM,cpc,google,2025-11-30
,(direct),(none),(direct),2025-11-30
91121130732000,(direct),(none),(direct),2025-11-30
,(direct),(none),(direct),2025-11-30
,BANCOLOMBIA_VD_AON_PMAX_PEF_CPA_CONVERSION_VD_TDC-SOLICITUDES_MDO00885_023,cpc,google,2025-11-30
,BANCOLOMBIA_PSN_AON_FB_CONS_CPC_TRAFICO_DIRECCIONAMIENTO_CANALES-FISICOS_MDO00885_019,cpc,facebook,2025-11-30
,BANCOLOMBIA_AT_EST_FB_PEF_CPA_CONVERSION_ADQUIRENCIA_EST_ACEPTACIONCOMERCIOS_MDO01080_MEDIATEAM,cpc,facebook,2025-11-30
,BANCOLOMBIA_AT_EST_FB_PEF_CPA_CONVERSION_ADQUIRENCIA_EST_ACEPTACIONCOMERCIOS_MDO01080_MEDIATEAM,cpc,facebook,2025-11-30
,BANCOLOMBIA_AT_EST_FB_PEF_CPA_CONVERSION_ADQUIRENCIA_EST_ACEPTACIONCOMERCIOS_MDO01080_MEDIATEAM,cpc,facebook,2025-11-30
,BANCOLOMBIA_AT_EST_FB_PEF_CPA_CONVERSION_ADQUIRENCIA_EST_ACEPTACIONCOMERCIOS_MDO01080_MEDIATEAM,cpc,facebook,2025-11-30
,BANCOLOMBIA_AT_EST_FB_PEF_CPA_CONVERSION_ADQUIRENCIA_EST_ACEPTACIONCOMERCIOS_MDO01080_MEDIATEAM,cpc,facebook,2025-11-30
,BANCOLOMBIA_AT_EST_FB_PEF_CPA_CONVERSION_ADQUIRENCIA_EST_ACEPTACIONCOMERCIOS_MDO01080_MEDIATEAM,cpc,facebook,2025-11-30
,(direct),(none),(direct),2025-11-30
,(direct),(none),(direct),2025-11-30
,BANCOLOMBIA_AT_EST_FB_PEF_CPA_CONVERSION_LLAVES-COMERCIOS-QR_OIE6500001_001_MEDIA-TEAM_SOSTENIMIENTO,cpc,facebook,2025-11-30
,BANCOLOMBIA_AT_EST_FB_PEF_CPA_CONVERSION_LLAVES-COMERCIOS-QR_OIE6500001_001_MEDIA-TEAM_SOSTENIMIENTO,cpc,facebook,2025-11-30
,BANCOLOMBIA_AT_EST_FB_PEF_CPA_CONVERSION_ADQUIRENCIA_EST_ACEPTACIONCOMERCIOS_MDO01080_MEDIATEAM,cpc,facebook,2025-11-30
,(direct),(none),(direct),2025-11-30
,BANCOLOMBIA_AT_EST_FB_PEF_CPA_CONVERSION_ADQUIRENCIA_EST_ACEPTACIONCOMERCIOS_MDO01080_MEDIATEAM,cpc,facebook,2025-11-30
,BANCOLOMBIA_AT_EST_FB_PEF_CPA_CONVERSION_ADQUIRENCIA_EST_ACEPTACIONCOMERCIOS_MDO01080_MEDIATEAM,cpc,facebook,2025-11-30
,BANCOLOMBIA_AT_EST_FB_CONS_CPV_RVIDEO_ADQUIRENCIA_EST_ACEPTACIÓNCOMERCIOS_MDO01080_MEDIATEAM,cpc,facebook,2025-11-30
,(direct),(none),(direct),2025-12-01
,120238007264490092,paid,fb,2025-12-01
,(direct),(none),(direct),2025-12-01
,120238007264490092,paid,fb,2025-12-01
,BANCOLOMBIA_AT_EST_FB_PEF_CPA_CONVERSION_ADQUIRENCIA_EST_ACEPTACIONCOMERCIOS_MDO01080_MEDIATEAM,cpc,facebook,2025-12-01
,(direct),(none),(direct),2025-12-01
,BANCOLOMBIA_AT_EST_FB_PEF_CPA_CONVERSION_LLAVES-COMERCIOS-QR_OIE6500001_001_MEDIA-TEAM_SOSTENIMIENTO,cpc,facebook,2025-12-01
,BANCOLOMBIA_AT_EST_FB_PEF_CPA_CONVERSION_ADQUIRENCIA_EST_ACEPTACIONCOMERCIOS_MDO01080_MEDIATEAM,cpc,facebook,2025-12-01
,BANCOLOMBIA_AT_EST_FB_PEF_CPA_CONVERSION_ADQUIRENCIA_EST_ACEPTACIONCOMERCIOS_MDO01080_MEDIATEAM,cpc,facebook,2025-12-01
,(direct),(none),(direct),2025-12-01
,(direct),(none),(direct),2025-12-01
,BANCOLOMBIA_AT_EST_FB_PEF_CPA_CONVERSION_ADQUIRENCIA_EST_ACEPTACIONCOMERCIOS_MDO01080_MEDIATEAM,cpc,facebook,2025-12-01
,BANCOLOMBIA_AT_EST_FB_PEF_CPA_CONVERSION_LLAVES-COMERCIOS-QR_OIE6500001_001_MEDIA-TEAM_SOSTENIMIENTO,cpc,facebook,2025-12-01
,BANCOLOMBIA_AT_EST_SEM-PDB_PEF_CPA_CONVERSION_ADQUIRENCIA_EST_ACEPTACIONCOMERCIOS_MDO01080_MEDIATEAM,cpc,google,2025-12-01
980628150217002,BANCOLOMBIA_PSN_EST_FB_CONS_CPC_TRAFICO_MIGRACION_OIC5400002_011_NEGOCIO,cpc,facebook,2025-12-01
980628150217002,BANCOLOMBIA_PSN_EST_FB_CONS_CPC_TRAFICO_MIGRACION_OIC5400002_011_NEGOCIO,cpc,facebook,2025-12-01
,(direct),(none),(direct),2025-12-01
,BANCOLOMBIA_AT_EST_SEM-PDB_PEF_CPA_CONVERSION_ADQUIRENCIA_EST_ACEPTACIONCOMERCIOS_MDO01080_MEDIATEAM,cpc,google,2025-12-01
,(direct),(none),(direct),2025-12-01
,(direct),(none),(direct),2025-12-01
,(direct),(none),(direct),2025-12-01
,BANCOLOMBIA_AT_EST_FB_PEF_CPA_CONVERSION_ADQUIRENCIA_EST_ACEPTACIONCOMERCIOS_MDO01080_MEDIATEAM,cpc,facebook,2025-12-01
,BANCOLOMBIA_AT_EST_FB_PEF_CPA_CONVERSION_ADQUIRENCIA_EST_ACEPTACIONCOMERCIOS_MDO01080_MEDIATEAM,cpc,facebook,2025-12-01
,BANCOLOMBIA_AT_EST_FB_PEF_CPA_CONVERSION_ADQUIRENCIA_EST_ACEPTACIONCOMERCIOS_MDO01080_MEDIATEAM,cpc,facebook,2025-12-01
,BANCOLOMBIA_AT_EST_FB_PEF_CPA_CONVERSION_ADQUIRENCIA_EST_ACEPTACIONCOMERCIOS_MDO01080_MEDIATEAM,cpc,facebook,2025-12-01
,BANCOLOMBIA_AT_EST_FB_PEF_CPA_CONVERSION_ADQUIRENCIA_EST_ACEPTACIONCOMERCIOS_MDO01080_MEDIATEAM,cpc,facebook,2025-12-01
170329092038000,BANCOLOMBIA_AT_EST_FB_PEF_CPA_CONVERSION_ADQUIRENCIA_EST_ACEPTACIONCOMERCIOS_MDO01080_MEDIATEAM,cpc,facebook,2025-12-01
,BANCOLOMBIA_AT_EST_FB_PEF_CPA_CONVERSION_ADQUIRENCIA_EST_ACEPTACIONCOMERCIOS_MDO01080_MEDIATEAM,cpc,facebook,2025-12-01
130517142235000,(direct),(none),(direct),2025-12-02
,BANCOLOMBIA_AT_EST_FB_PEF_CPA_CONVERSION_ADQUIRENCIA_EST_ACEPTACIONCOMERCIOS_MDO01080_MEDIATEAM,cpc,facebook,2025-12-02
,BANCOLOMBIA_AT_EST_FB_PEF_CPA_CONVERSION_ADQUIRENCIA_EST_ACEPTACIONCOMERCIOS_MDO01080_MEDIATEAM,cpc,facebook,2025-12-02
,BANCOLOMBIA_AT_EST_FB_PEF_CPA_CONVERSION_ADQUIRENCIA_EST_ACEPTACIONCOMERCIOS_MDO01080_MEDIATEAM,cpc,facebook,2025-12-02
,BANCOLOMBIA_AT_EST_FB_PEF_CPA_CONVERSION_ADQUIRENCIA_EST_ACEPTACIONCOMERCIOS_MDO01080_MEDIATEAM,cpc,facebook,2025-12-02
,(direct),(none),(direct),2025-12-02
,BANCOLOMBIA_AT_EST_FB_PEF_CPA_CONVERSION_ADQUIRENCIA_EST_ACEPTACIONCOMERCIOS_MDO01080_MEDIATEAM,cpc,facebook,2025-12-02
,BANCOLOMBIA_AT_EST_FB_PEF_CPA_CONVERSION_ADQUIRENCIA_EST_ACEPTACIONCOMERCIOS_MDO01080_MEDIATEAM,cpc,facebook,2025-12-02
,always-on-personas-cuentas-pricing-beneficios-de-tu-plan,boton,app-bancolombia,2025-12-02
,(organic),organic,google,2025-12-02
,BANCOLOMBIA_AT_EST_FB_CONS_CPV_RVIDEO_ADQUIRENCIA_EST_ACEPTACIÓNCOMERCIOS_MDO01080_MEDIATEAM,cpc,facebook,2025-12-02
,BANCOLOMBIA_AT_EST_FB_PEF_CPA_CONVERSION_ADQUIRENCIA_EST_ACEPTACIONCOMERCIOS_MDO01080_MEDIATEAM,cpc,facebook,2025-12-02
,(direct),(none),(direct),2025-12-02
,BANCOLOMBIA_AT_EST_FB_PEF_CPA_CONVERSION_ADQUIRENCIA_EST_ACEPTACIONCOMERCIOS_MDO01080_MEDIATEAM,cpc,facebook,2025-12-02
,BANCOLOMBIA_AT_EST_FB_PEF_CPA_CONVERSION_ADQUIRENCIA_EST_ACEPTACIONCOMERCIOS_MDO01080_MEDIATEAM,cpc,facebook,2025-12-02
,(direct),(none),(direct),2025-12-02
,BANCOLOMBIA_AT_EST_FB_CONS_CPV_RVIDEO_ADQUIRENCIA_EST_ACEPTACIÓNCOMERCIOS_MDO01080_MEDIATEAM,cpc,facebook,2025-12-02
,(direct),(none),(direct),2025-12-02
,(referral),referral,instagram.com,2025-12-02
,BANCOLOMBIA_AT_EST_FB_CONS_CPV_RVIDEO_ADQUIRENCIA_EST_ACEPTACIÓNCOMERCIOS_MDO01080_MEDIATEAM,cpc,facebook,2025-12-02
,BANCOLOMBIA_AT_EST_FB_PEF_CPA_CONVERSION_ADQUIRENCIA_EST_ACEPTACIONCOMERCIOS_MDO01080_MEDIATEAM,cpc,facebook,2025-12-02
,always-on-personas-cuentas-pricing-beneficios-de-tu-plan,boton,app-bancolombia,2025-12-02
,BANCOLOMBIA_AT_EST_FB_PEF_CPA_CONVERSION_ADQUIRENCIA_EST_ACEPTACIONCOMERCIOS_MDO01080_MEDIATEAM,cpc,facebook,2025-12-02
,BANCOLOMBIA_AT_EST_SEM-PDB_PEF_CPA_CONVERSION_ADQUIRENCIA_EST_ACEPTACIONCOMERCIOS_MDO01080_MEDIATEAM,cpc,google,2025-12-02
,BANCOLOMBIA_AT_EST_FB_PEF_CPA_CONVERSION_ADQUIRENCIA_EST_ACEPTACIONCOMERCIOS_MDO01080_MEDIATEAM,cpc,facebook,2025-12-02
,BANCOLOMBIA_AT_EST_FB_PEF_CPA_CONVERSION_ADQUIRENCIA_EST_ACEPTACIONCOMERCIOS_MDO01080_MEDIATEAM,cpc,facebook,2025-12-02
,(organic),organic,google,2025-12-03
,BANCOLOMBIA_AT_EST_FB_PEF_CPA_CONVERSION_ADQUIRENCIA_EST_ACEPTACIONCOMERCIOS_MDO01080_MEDIATEAM,cpc,facebook,2025-12-03
,BANCOLOMBIA_AT_EST_FB_PEF_CPA_CONVERSION_ADQUIRENCIA_EST_ACEPTACIONCOMERCIOS_MDO01080_MEDIATEAM,cpc,facebook,2025-12-03
,BANCOLOMBIA_AT_EST_FB_PEF_CPA_CONVERSION_ADQUIRENCIA_EST_ACEPTACIONCOMERCIOS_MDO01080_MEDIATEAM,cpc,facebook,2025-12-03
,BANCOLOMBIA_AT_EST_FB_PEF_CPA_CONVERSION_ADQUIRENCIA_EST_ACEPTACIONCOMERCIOS_MDO01080_MEDIATEAM,cpc,facebook,2025-12-03
,(organic),organic,google,2025-12-03
,BANCOLOMBIA_AT_EST_FB_CONS_CPV_RVIDEO_ADQUIRENCIA_EST_ACEPTACIÓNCOMERCIOS_MDO01080_MEDIATEAM,cpc,facebook,2025-12-03
,BANCOLOMBIA_AT_EST_FB_PEF_CPA_CONVERSION_ADQUIRENCIA_EST_ACEPTACIONCOMERCIOS_MDO01080_MEDIATEAM,cpc,facebook,2025-12-03
,(direct),(none),(direct),2025-12-03
,BANCOLOMBIA_AT_EST_FB_PEF_CPA_CONVERSION_LLAVES-COMERCIOS-QR_OIE6500001_001_MEDIA-TEAM_SOSTENIMIENTO,cpc,facebook,2025-12-03
,BANCOLOMBIA_AT_EST_FB_CONS_CPV_RVIDEO_ADQUIRENCIA_EST_ACEPTACIÓNCOMERCIOS_MDO01080_MEDIATEAM,cpc,facebook,2025-12-03
,(direct),(none),(direct),2025-12-03
,(direct),(none),(direct),2025-12-03
,BANCOLOMBIA_AT_EST_FB_PEF_CPA_CONVERSION_ADQUIRENCIA_EST_ACEPTACIONCOMERCIOS_MDO01080_MEDIATEAM,cpc,facebook,2025-12-03
,BANCOLOMBIA_AT_EST_FB_PEF_CPA_CONVERSION_ADQUIRENCIA_EST_ACEPTACIONCOMERCIOS_MDO01080_MEDIATEAM,cpc,facebook,2025-12-03
,BANCOLOMBIA_AT_EST_GDG_PEF_CPA_CONVERSION_ADQUIRENCIA_EST_ACEPTACIONCOMERCIOS_MDO01080_MEDIATEAM,cpc,google,2025-12-03
,BANCOLOMBIA_AT_EST_FB_PEF_CPA_CONVERSION_ADQUIRENCIA_EST_ACEPTACIONCOMERCIOS_MDO01080_MEDIATEAM,cpc,facebook,2025-12-03
,BANCOLOMBIA_AT_EST_FB_PEF_CPA_CONVERSION_ADQUIRENCIA_EST_ACEPTACIONCOMERCIOS_MDO01080_MEDIATEAM,cpc,facebook,2025-12-03
,(direct),(none),(direct),2025-12-03
,BANCOLOMBIA_AT_EST_FB_PEF_CPA_CONVERSION_LLAVES-COMERCIOS-QR_OIE6500001_001_MEDIA-TEAM_SOSTENIMIENTO,cpc,facebook,2025-12-03
,(direct),(none),(direct),2025-12-03
,BANCOLOMBIA_AT_EST_FB_PEF_CPA_CONVERSION_ADQUIRENCIA_EST_ACEPTACIONCOMERCIOS_MDO01080_MEDIATEAM,cpc,facebook,2025-12-03
,(organic),organic,bing,2025-12-04
,BANCOLOMBIA_AT_EST_FB_PEF_CPA_CONVERSION_ADQUIRENCIA_EST_ACEPTACIONCOMERCIOS_MDO01080_MEDIATEAM,cpc,facebook,2025-12-04
,BANCOLOMBIA_AT_EST_FB_PEF_CPA_CONVERSION_ADQUIRENCIA_EST_ACEPTACIONCOMERCIOS_MDO01080_MEDIATEAM,cpc,facebook,2025-12-04
,BANCOLOMBIA_AT_EST_FB_PEF_CPA_CONVERSION_LLAVES-COMERCIOS-QR_OIE6500001_001_MEDIA-TEAM_SOSTENIMIENTO,cpc,facebook,2025-12-04
,BANCOLOMBIA_AT_EST_FB_PEF_CPA_CONVERSION_ADQUIRENCIA_EST_ACEPTACIONCOMERCIOS_MDO01080_MEDIATEAM,cpc,facebook,2025-12-04
,(direct),(none),(direct),2025-12-04
,BANCOLOMBIA_AT_EST_FB_PEF_CPA_CONVERSION_ADQUIRENCIA_EST_ACEPTACIONCOMERCIOS_MDO01080_MEDIATEAM,cpc,facebook,2025-12-04
,(direct),(none),(direct),2025-12-04
,BANCOLOMBIA_AT_EST_FB_PEF_CPA_CONVERSION_ADQUIRENCIA_EST_ACEPTACIONCOMERCIOS_MDO01080_MEDIATEAM,cpc,facebook,2025-12-04
,BANCOLOMBIA_MCA_EST_FB_CONS_CPC_TRAFICO_NAVIDAD-2025_MECANICAUSO_NAVIDADMARCA_001_NEGOCIO,cpc,facebook,2025-12-04
,(organic),organic,google,2025-12-04
,BANCOLOMBIA_AT_EST_FB_PEF_CPA_CONVERSION_ADQUIRENCIA_EST_ACEPTACIONCOMERCIOS_MDO01080_MEDIATEAM,cpc,facebook,2025-12-04
,BANCOLOMBIA_AT_EST_FB_PEF_CPA_CONVERSION_ADQUIRENCIA_EST_ACEPTACIONCOMERCIOS_MDO01080_MEDIATEAM,cpc,facebook,2025-12-04
,EMAIL_PYMES_INDEPENDIENTES_ESTRATEGIA-5X-GENERALES_NOVIEMBRE,link,email,2025-12-04
151229105046001,(direct),(none),(direct),2025-12-04
,BANCOLOMBIA_AT_EST_FB_PEF_CPA_CONVERSION_ADQUIRENCIA_EST_ACEPTACIONCOMERCIOS_MDO01080_MEDIATEAM,cpc,facebook,2025-12-04
,(organic),organic,bing,2025-12-04
,(organic),organic,google,2025-12-04
,EMAIL_PYMES_INDEPENDIENTES_ESTRATEGIA-5X-GENERALES_NOVIEMBRE,link,email,2025-12-04
,(direct),(none),(direct),2025-12-04
,BANCOLOMBIA_AT_EST_FB_PEF_CPA_CONVERSION_ADQUIRENCIA_EST_ACEPTACIONCOMERCIOS_MDO01080_MEDIATEAM,cpc,facebook,2025-12-04
,(direct),(none),(direct),2025-12-04
91002145556000,(organic),organic,google,2025-12-04
,BANCOLOMBIA_AT_EST_FB_PEF_CPA_CONVERSION_ADQUIRENCIA_EST_ACEPTACIONCOMERCIOS_MDO01080_MEDIATEAM,cpc,facebook,2025-12-05
70103100841000,BANCOLOMBIA_VD_AON_SEM-PDB_PEF_CPA_CONVERSION_CUENTAS-DE-AHORRO_MDO00862_BOGOTA_005_VENTAS-DIGITALES,cpc,google,2025-12-05
91002145556000,(organic),organic,google,2025-12-05
160310114920000,(direct),(none),(direct),2025-12-05
70103100841000,BANCOLOMBIA_VD_AON_SEM-PDB_PEF_CPA_CONVERSION_CUENTAS-DE-AHORRO_MDO00862_BOGOTA_005_VENTAS-DIGITALES,cpc,google,2025-12-05
,SMS_PYMES_INDEPENDIENTES_COLOCACIONACEPTACIONDEPAGOS_NOVIEMBRE,link,sms,2025-12-05
,BANCOLOMBIA_AT_EST_TIKTOK_CONS_CPV_RVIDEO_ADQUIRENCIA_EST_ACEPTACIÓNCOMERCIOS_MDO01080_MEDIATEAM,cpc,tiktok,2025-12-05
,BANCOLOMBIA_AT_EST_FB_CONS_CPV_RVIDEO_ADQUIRENCIA_EST_ACEPTACIÓNCOMERCIOS_MDO01080_MEDIATEAM,cpc,facebook,2025-12-05
,BANCOLOMBIA_AT_EST_FB_PEF_CPA_CONVERSION_ADQUIRENCIA_EST_ACEPTACIONCOMERCIOS_MDO01080_MEDIATEAM,cpc,facebook,2025-12-05
,BANCOLOMBIA_AT_EST_FB_PEF_CPA_CONVERSION_ADQUIRENCIA_EST_ACEPTACIONCOMERCIOS_MDO01080_MEDIATEAM,cpc,facebook,2025-12-05
,BANCOLOMBIA_AT_EST_FB_PEF_CPA_CONVERSION_LLAVES-COMERCIOS-QR_OIE6500001_001_MEDIA-TEAM_SOSTENIMIENTO,cpc,facebook,2025-12-06
,(direct),(none),(direct),2025-12-06
,(direct),(none),(direct),2025-12-06
,(direct),(none),(direct),2025-12-06
,BANCOLOMBIA_AT_EST_FB_PEF_CPA_CONVERSION_ADQUIRENCIA_EST_ACEPTACIONCOMERCIOS_MDO01080_MEDIATEAM,cpc,facebook,2025-12-06
,(direct),(none),(direct),2025-12-06
,(direct),(none),(direct),2025-12-06
,(direct),(none),(direct),2025-12-06
,(direct),(none),(direct),2025-12-06
,(direct),(none),(direct),2025-12-06
,(direct),(none),(direct),2025-12-06
,BANCOLOMBIA_AT_EST_FB_PEF_CPA_CONVERSION_ADQUIRENCIA_EST_ACEPTACIONCOMERCIOS_MDO01080_MEDIATEAM,cpc,facebook,2025-12-06
,(organic),organic,google,2025-12-06
,(organic),organic,google,2025-12-06
,BANCOLOMBIA_AT_EST_FB_PEF_CPA_CONVERSION_ADQUIRENCIA_EST_ACEPTACIONCOMERCIOS_MDO01080_MEDIATEAM,cpc,facebook,2025-12-06
,BANCOLOMBIA_AT_EST_SEM-CT_PEF_CPA_CONVERSION_ADQUIRENCIA_EST_ACEPTACIONCOMERCIOS_MDO01080_MEDIATEAM,cpc,google,2025-12-06
,(organic),organic,google,2025-12-06
,BANCOLOMBIA_AT_EST_FB_PEF_CPA_CONVERSION_LLAVES-COMERCIOS-QR_OIE6500001_001_MEDIA-TEAM_SOSTENIMIENTO,cpc,facebook,2025-12-06
,(direct),(none),(direct),2025-12-07
,(direct),(none),(direct),2025-12-07
,(direct),(none),(direct),2025-12-07
,(direct),(none),(direct),2025-12-07
,(direct),(none),(direct),2025-12-07
,BANCOLOMBIA_AT_EST_SEM-CT_PEF_CPA_CONVERSION_ADQUIRENCIA_EST_ACEPTACIONCOMERCIOS_MDO01080_MEDIATEAM,cpc,google,2025-12-07
,BANCOLOMBIA_AT_EST_SEM-CT_PEF_CPA_CONVERSION_ADQUIRENCIA_EST_ACEPTACIONCOMERCIOS_MDO01080_MEDIATEAM,cpc,google,2025-12-07
,BANCOLOMBIA_AT_EST_FB_PEF_CPA_CONVERSION_ADQUIRENCIA_EST_ACEPTACIONCOMERCIOS_MDO01080_MEDIATEAM,cpc,facebook,2025-12-07
,(direct),(none),(direct),2025-12-07
,(direct),(none),(direct),2025-12-07
,BANCOLOMBIA_AT_EST_SEM-CT_PEF_CPA_CONVERSION_ADQUIRENCIA_EST_ACEPTACIONCOMERCIOS_MDO01080_MEDIATEAM,cpc,google,2025-12-08
,(direct),(none),(direct),2025-12-08
,BANCOLOMBIA_AT_EST_FB_PEF_CPA_CONVERSION_ADQUIRENCIA_EST_ACEPTACIONCOMERCIOS_MDO01080_MEDIATEAM,cpc,facebook,2025-12-08
,BANCOLOMBIA_AT_EST_FB_PEF_CPA_CONVERSION_ADQUIRENCIA_EST_ACEPTACIONCOMERCIOS_MDO01080_MEDIATEAM,cpc,facebook,2025-12-08
,BANCOLOMBIA_AT_EST_FB_PEF_CPA_CONVERSION_ADQUIRENCIA_EST_ACEPTACIONCOMERCIOS_MDO01080_MEDIATEAM,cpc,facebook,2025-12-08
,BANCOLOMBIA_AT_EST_FB_PEF_CPA_CONVERSION_ADQUIRENCIA_EST_ACEPTACIONCOMERCIOS_MDO01080_MEDIATEAM,cpc,facebook,2025-12-08
,BANCOLOMBIA_AT_EST_FB_PEF_CPA_CONVERSION_ADQUIRENCIA_EST_ACEPTACIONCOMERCIOS_MDO01080_MEDIATEAM,cpc,facebook,2025-12-08
,BANCOLOMBIA_AT_EST_FB_PEF_CPA_CONVERSION_ADQUIRENCIA_EST_ACEPTACIONCOMERCIOS_MDO01080_MEDIATEAM,cpc,facebook,2025-12-08
,BANCOLOMBIA_AT_EST_FB_PEF_CPA_CONVERSION_ADQUIRENCIA_EST_ACEPTACIONCOMERCIOS_MDO01080_MEDIATEAM,cpc,facebook,2025-12-08
,(direct),(none),(direct),2025-12-08
,BANCOLOMBIA_AT_EST_FB_PEF_CPA_CONVERSION_ADQUIRENCIA_EST_ACEPTACIONCOMERCIOS_MDO01080_MEDIATEAM,cpc,facebook,2025-12-08
,(direct),(none),(direct),2025-12-08
,BANCOLOMBIA_AT_EST_FB_PEF_CPA_CONVERSION_ADQUIRENCIA_EST_ACEPTACIONCOMERCIOS_MDO01080_MEDIATEAM,cpc,facebook,2025-12-08
,BANCOLOMBIA_AT_EST_GDG_PEF_CPA_CONVERSION_ADQUIRENCIA_EST_ACEPTACIONCOMERCIOS_MDO01080_MEDIATEAM,cpc,google,2025-12-09
,(direct),(none),(direct),2025-12-09
,BANCOLOMBIA_AT_EST_FB_PEF_CPA_CONVERSION_ADQUIRENCIA_EST_ACEPTACIONCOMERCIOS_MDO01080_MEDIATEAM,cpc,facebook,2025-12-09
,BANCOLOMBIA_AT_EST_FB_PEF_CPA_CONVERSION_ADQUIRENCIA_EST_ACEPTACIONCOMERCIOS_MDO01080_MEDIATEAM,cpc,facebook,2025-12-09
,(organic),organic,google,2025-12-09
,BANCOLOMBIA_AT_EST_FB_PEF_CPA_CONVERSION_ADQUIRENCIA_EST_ACEPTACIONCOMERCIOS_MDO01080_MEDIATEAM,cpc,facebook,2025-12-09
,BANCOLOMBIA_AT_EST_SEM-CT_PEF_CPA_CONVERSION_ADQUIRENCIA_EST_ACEPTACIONCOMERCIOS_MDO01080_MEDIATEAM,cpc,google,2025-12-09
100903121103000,(direct),(none),(direct),2025-12-09
,(referral),referral,enel.com.co,2025-12-09
,(direct),(none),(direct),2025-12-09
,(direct),(none),(direct),2025-12-09
,BANCOLOMBIA_AT_EST_FB_PEF_CPA_CONVERSION_ADQUIRENCIA_EST_ACEPTACIONCOMERCIOS_MDO01080_MEDIATEAM,cpc,facebook,2025-12-09
,BANCOLOMBIA_AT_EST_FB_PEF_CPA_CONVERSION_ADQUIRENCIA_EST_ACEPTACIONCOMERCIOS_MDO01080_MEDIATEAM,cpc,facebook,2025-12-09
,BANCOLOMBIA_LLAVES_TRAFICO,cpm,Android (all.documentreader.filereader.office.viewer),2025-12-09
,(referral),referral,enel.com.co,2025-12-09
,BANCOLOMBIA_AT_EST_FB_PEF_CPA_CONVERSION_ADQUIRENCIA_EST_ACEPTACIONCOMERCIOS_MDO01080_MEDIATEAM,cpc,facebook,2025-12-09
,(organic),organic,google,2025-12-10
,(direct),(none),(direct),2025-12-10
,(direct),(none),(direct),2025-12-10
,EMAIL_PYMES_INDEPENDIENTES_ESTRATEGIA-5X-GENERALES_NOVIEMBRE,link,email,2025-12-10
,(organic),organic,google,2025-12-10
,(direct),(none),(direct),2025-12-10
,BANCOLOMBIA_AT_EST_FB_PEF_CPA_CONVERSION_ADQUIRENCIA_EST_ACEPTACIONCOMERCIOS_MDO01080_MEDIATEAM,cpc,facebook,2025-12-10
,BANCOLOMBIA_AT_EST_FB_PEF_CPA_CONVERSION_ADQUIRENCIA_EST_ACEPTACIONCOMERCIOS_MDO01080_MEDIATEAM,cpc,facebook,2025-12-10
,(direct),(none),(direct),2025-12-10
,(direct),(none),(direct),2025-12-10
,(direct),(none),(direct),2025-12-10
,(organic),organic,google,2025-12-10
,(direct),(none),(direct),2025-12-10
,BANCOLOMBIA_AT_EST_FB_PEF_CPA_CONVERSION_ADQUIRENCIA_EST_ACEPTACIONCOMERCIOS_MDO01080_MEDIATEAM,cpc,facebook,2025-12-10
,(organic),organic,google,2025-12-10
,always-on-personas-cuentas-pricing-cambiar-plan,link,app-bancolombia,2025-12-10
,BANCOLOMBIA_AT_EST_FB_PEF_CPA_CONVERSION_ADQUIRENCIA_EST_ACEPTACIONCOMERCIOS_MDO01080_MEDIATEAM,cpc,facebook,2025-12-10
,personas-adquirencia,wtrack,email,2025-12-10
,(direct),(none),(direct),2025-12-10
,(direct),(none),(direct),2025-12-10
,personas-adquirencia,wtrack,email,2025-12-10
,(direct),(none),(direct),2025-12-10
,(direct),(none),(direct),2025-12-10
,(direct),(none),(direct),2025-12-10
,BANCOLOMBIA_AT_EST_FB_PEF_CPA_CONVERSION_ADQUIRENCIA_EST_ACEPTACIONCOMERCIOS_MDO01080_MEDIATEAM,cpc,facebook,2025-12-10
,BANCOLOMBIA_AT_EST_SEM-PDB_PEF_CPA_CONVERSION_ADQUIRENCIA_EST_ACEPTACIONCOMERCIOS_MDO01080_MEDIATEAM,cpc,google,2025-12-10
,(direct),(none),(direct),2025-12-10
,(direct),(none),(direct),2025-12-10
,(direct),(none),(direct),2025-12-10
,personas-bpnpl,wtrack,email,2025-12-10
,(direct),(none),(direct),2025-12-10
,BANCOLOMBIA_AT_EST_FB_PEF_CPA_CONVERSION_ADQUIRENCIA_EST_ACEPTACIONCOMERCIOS_MDO01080_MEDIATEAM,cpc,facebook,2025-12-10
,personas-adquirencia,wtrack,email,2025-12-10
,(direct),(none),(direct),2025-12-10
,BANCOLOMBIA_AT_EST_FB_PEF_CPA_CONVERSION_ADQUIRENCIA_EST_ACEPTACIONCOMERCIOS_MDO01080_MEDIATEAM,cpc,facebook,2025-12-10
,personas-bpnpl,wtrack,email,2025-12-10
,(organic),organic,google,2025-12-10
,(direct),(none),(direct),2025-12-10
,(organic),organic,bing,2025-12-10
,(direct),(none),(direct),2025-12-10
,(organic),organic,bing,2025-12-10
,(direct),(none),(direct),2025-12-10
,BANCOLOMBIA_AT_EST_SEM-CT_PEF_CPA_CONVERSION_ADQUIRENCIA_EST_ACEPTACIONCOMERCIOS_MDO01080_MEDIATEAM,cpc,google,2025-12-10
,BANCOLOMBIA_AT_EST_FB_PEF_CPA_CONVERSION_ADQUIRENCIA_EST_ACEPTACIONCOMERCIOS_MDO01080_MEDIATEAM,cpc,facebook,2025-12-10
,always-on-personas-cuentas-pricing-cambiar-plan,link,app-bancolombia,2025-12-11
10612151611000,(direct),(none),(direct),2025-12-11
,(direct),(none),(direct),2025-12-11
60117123159001,(organic),organic,google,2025-12-11
,BANCOLOMBIA_AT_EST_FB_PEF_CPA_CONVERSION_ADQUIRENCIA_EST_ACEPTACIONCOMERCIOS_MDO01080_MEDIATEAM,cpc,facebook,2025-12-11
171212101542000,(direct),(none),(direct),2025-12-11
,EMAIL_MECANICA_MAIL1_INDEPENDIENTES_MECANICA_MAIL1_OCTUBRE,link,email,2025-12-11
,(direct),(none),(direct),2025-12-11
,BANCOLOMBIA_AT_EST_FB_PEF_CPA_CONVERSION_ADQUIRENCIA_EST_ACEPTACIONCOMERCIOS_MDO01080_MEDIATEAM,cpc,facebook,2025-12-11
,BANCOLOMBIA_AT_EST_FB_PEF_CPA_CONVERSION_ADQUIRENCIA_EST_ACEPTACIONCOMERCIOS_MDO01080_MEDIATEAM,cpc,facebook,2025-12-11
,BANCOLOMBIA_AT_EST_FB_PEF_CPA_CONVERSION_ADQUIRENCIA_EST_ACEPTACIONCOMERCIOS_MDO01080_MEDIATEAM,cpc,facebook,2025-12-11
,(direct),(none),(direct),2025-12-11
,BANCOLOMBIA_AT_EST_FB_PEF_CPA_CONVERSION_ADQUIRENCIA_EST_ACEPTACIONCOMERCIOS_MDO01080_MEDIATEAM,cpc,facebook,2025-12-11
,BANCOLOMBIA_AT_EST_FB_PEF_CPA_CONVERSION_ADQUIRENCIA_EST_ACEPTACIONCOMERCIOS_MDO01080_MEDIATEAM,cpc,facebook,2025-12-11
,BANCOLOMBIA_AT_EST_FB_PEF_CPA_CONVERSION_ADQUIRENCIA_EST_ACEPTACIONCOMERCIOS_MDO01080_MEDIATEAM,cpc,facebook,2025-12-11
,(direct),(none),(direct),2025-12-11
,(direct),(none),(direct),2025-12-11
110912152401000,(direct),(none),(direct),2025-12-11
,BANCOLOMBIA_VD_AON_SEM-PDB_PEF_CPA_CONVERSION_TDC-SOLICITUDES_MDO00855_013_VENTAS-DIGITALES,cpc,google,2025-12-11
,(direct),(none),(direct),2025-12-11
,BANCOLOMBIA_VD_AON_FB_PEF_CPA_CONVERSION_TDC-SOLICITUDES_MDO00855_ADVANTAGE_022_VENTAS-DIGITALES,cpc,facebook,2025-12-11
171212101542000,(direct),(none),(direct),2025-12-11
,BANCOLOMBIA_AT_EST_FB_PEF_CPA_CONVERSION_ADQUIRENCIA_EST_ACEPTACIONCOMERCIOS_MDO01080_MEDIATEAM,cpc,facebook,2025-12-11
,personas-llaves-negocios,wtrack,email,2025-12-11
,(direct),(none),(direct),2025-12-11
,BANCOLOMBIA_AT_EST_FB_PEF_CPA_CONVERSION_ADQUIRENCIA_EST_ACEPTACIONCOMERCIOS_MDO01080_MEDIATEAM,cpc,facebook,2025-12-11
,(direct),(none),(direct),2025-12-11
,(direct),(none),(direct),2025-12-11
,EMAIL_MECANICA_MAIL1_INDEPENDIENTES_MECANICA_MAIL1_OCTUBRE,link,email,2025-12-11
,(direct),(none),(direct),2025-12-12
,BANCOLOMBIA_AT_EST_FB_PEF_CPA_CONVERSION_ADQUIRENCIA_EST_ACEPTACIONCOMERCIOS_MDO01080_MEDIATEAM,cpc,facebook,2025-12-12
,BANCOLOMBIA_AT_EST_FB_PEF_CPA_CONVERSION_ADQUIRENCIA_EST_ACEPTACIONCOMERCIOS_MDO01080_MEDIATEAM,cpc,facebook,2025-12-12
,BANCOLOMBIA_AT_EST_FB_PEF_CPA_CONVERSION_ADQUIRENCIA_EST_ACEPTACIONCOMERCIOS_MDO01080_MEDIATEAM,cpc,facebook,2025-12-12
,BANCOLOMBIA_AT_EST_FB_PEF_CPA_CONVERSION_ADQUIRENCIA_EST_ACEPTACIONCOMERCIOS_MDO01080_MEDIATEAM,cpc,facebook,2025-12-12
,BANCOLOMBIA_AT_EST_FB_PEF_CPA_CONVERSION_ADQUIRENCIA_EST_ACEPTACIONCOMERCIOS_MDO01080_MEDIATEAM,cpc,facebook,2025-12-12
,BANCOLOMBIA_AT_EST_SEM-CT_PEF_CPA_CONVERSION_ADQUIRENCIA_EST_ACEPTACIONCOMERCIOS_MDO01080_MEDIATEAM,cpc,google,2025-12-12
,BANCOLOMBIA_AT_EST_FB_PEF_CPA_CONVERSION_ADQUIRENCIA_EST_ACEPTACIONCOMERCIOS_MDO01080_MEDIATEAM,cpc,facebook,2025-12-12
,(direct),(none),(direct),2025-12-12
200802174636000,(direct),(none),(direct),2025-12-12
,BANCOLOMBIA_AT_EST_FB_PEF_CPA_CONVERSION_ADQUIRENCIA_EST_ACEPTACIONCOMERCIOS_MDO01080_MEDIATEAM,cpc,facebook,2025-12-12
,BANCOLOMBIA_AT_EST_SEM-CT_PEF_CPA_CONVERSION_ADQUIRENCIA_EST_ACEPTACIONCOMERCIOS_MDO01080_MEDIATEAM,cpc,google,2025-12-12
,BANCOLOMBIA_AT_EST_FB_PEF_CPA_CONVERSION_ADQUIRENCIA_EST_ACEPTACIONCOMERCIOS_MDO01080_MEDIATEAM,cpc,facebook,2025-12-12
,(organic),organic,google,2025-12-12
,EMAIL_PYMES_INDEPENDIENTES_ESTRATEGIA-5X-GENERALES_NOVIEMBRE,link,email,2025-12-12
,BANCOLOMBIA_AT_EST_FB_PEF_CPA_CONVERSION_ADQUIRENCIA_EST_ACEPTACIONCOMERCIOS_MDO01080_MEDIATEAM,cpc,facebook,2025-12-12
,120220497344460785,cpm,facebook,2025-12-12
,(direct),(none),(direct),2025-12-12
,BANCOLOMBIA_AT_EST_FB_PEF_CPA_CONVERSION_ADQUIRENCIA_EST_ACEPTACIONCOMERCIOS_MDO01080_MEDIATEAM,cpc,facebook,2025-12-12
,BANCOLOMBIA_AT_EST_FB_PEF_CPA_CONVERSION_ADQUIRENCIA_EST_ACEPTACIONCOMERCIOS_MDO01080_MEDIATEAM,cpc,facebook,2025-12-12
,(direct),(none),(direct),2025-12-12
,BANCOLOMBIA_AT_EST_SEM-CT_PEF_CPA_CONVERSION_ADQUIRENCIA_EST_ACEPTACIONCOMERCIOS_MDO01080_MEDIATEAM,cpc,google,2025-12-12
,BANCOLOMBIA_AT_EST_TIKTOK_CONS_CPV_RVIDEO_ADQUIRENCIA_EST_ACEPTACIÓNCOMERCIOS_MDO01080_MEDIATEAM,cpc,tiktok,2025-12-12
,BANCOLOMBIA_AT_EST_FB_PEF_CPA_CONVERSION_ADQUIRENCIA_EST_ACEPTACIONCOMERCIOS_MDO01080_MEDIATEAM,cpc,facebook,2025-12-12
,BANCOLOMBIA_AT_EST_SEM-CT_PEF_CPA_CONVERSION_ADQUIRENCIA_EST_ACEPTACIONCOMERCIOS_MDO01080_MEDIATEAM,cpc,google,2025-12-12
,BANCOLOMBIA_AT_EST_FB_PEF_CPA_CONVERSION_ADQUIRENCIA_EST_ACEPTACIONCOMERCIOS_MDO01080_MEDIATEAM,cpc,facebook,2025-12-12
,,App,MiB,2025-12-12
,always-on-personas-cuentas-pricing-beneficios-de-tu-plan,boton,app-bancolombia,2025-12-12
,(direct),(none),(direct),2025-12-12
,BANCOLOMBIA_MCA_EST_FB_CONS_CPC_TRAFICO_NAVIDAD-2025_MECANICAUSO_NAVIDADMARCA_001_NEGOCIO,cpc,facebook,2025-12-12
,always-on-personas-cuentas-pricing-beneficios-de-tu-plan,boton,app-bancolombia,2025-12-12
,BANCOLOMBIA_AT_EST_FB_PEF_CPA_CONVERSION_ADQUIRENCIA_EST_ACEPTACIONCOMERCIOS_MDO01080_MEDIATEAM,cpc,facebook,2025-12-12
980629190643017,BANCOLOMBIA_AT_EST_FB_PEF_CPA_CONVERSION_ADQUIRENCIA_EST_ACEPTACIONCOMERCIOS_MDO01080_MEDIATEAM,cpc,facebook,2025-12-12
,BANCOLOMBIA_AT_EST_FB_PEF_CPA_CONVERSION_ADQUIRENCIA_EST_ACEPTACIONCOMERCIOS_MDO01080_MEDIATEAM,cpc,facebook,2025-12-12
,BANCOLOMBIA_AT_EST_FB_PEF_CPA_CONVERSION_ADQUIRENCIA_EST_ACEPTACIONCOMERCIOS_MDO01080_MEDIATEAM,cpc,facebook,2025-12-12
,BANCOLOMBIA_AT_EST_FB_PEF_CPA_CONVERSION_ADQUIRENCIA_EST_ACEPTACIONCOMERCIOS_MDO01080_MEDIATEAM,cpc,facebook,2025-12-12
,BANCOLOMBIA_AT_EST_FB_PEF_CPA_CONVERSION_ADQUIRENCIA_EST_ACEPTACIONCOMERCIOS_MDO01080_MEDIATEAM,cpc,facebook,2025-12-12
,(direct),(none),(direct),2025-12-12
,BANCOLOMBIA_AT_EST_SEM-CT_PEF_CPA_CONVERSION_ADQUIRENCIA_EST_ACEPTACIONCOMERCIOS_MDO01080_MEDIATEAM,cpc,google,2025-12-12
,BANCOLOMBIA_AT_EST_FB_PEF_CPA_CONVERSION_ADQUIRENCIA_EST_ACEPTACIONCOMERCIOS_MDO01080_MEDIATEAM,cpc,facebook,2025-12-12
,BANCOLOMBIA_AT_EST_FB_PEF_CPA_CONVERSION_ADQUIRENCIA_EST_ACEPTACIONCOMERCIOS_MDO01080_MEDIATEAM,cpc,facebook,2025-12-12
,BANCOLOMBIA_AT_EST_FB_PEF_CPA_CONVERSION_ADQUIRENCIA_EST_ACEPTACIONCOMERCIOS_MDO01080_MEDIATEAM,cpc,facebook,2025-12-12
,BANCOLOMBIA_AT_EST_SEM-CT_PEF_CPA_CONVERSION_ADQUIRENCIA_EST_ACEPTACIONCOMERCIOS_MDO01080_MEDIATEAM,cpc,google,2025-12-12
,(referral),referral,m.facebook.com,2025-12-13
,BANCOLOMBIA_AT_EST_FB_PEF_CPA_CONVERSION_ADQUIRENCIA_EST_ACEPTACIONCOMERCIOS_MDO01080_MEDIATEAM,cpc,facebook,2025-12-13
,BANCOLOMBIA_AT_EST_FB_PEF_CPA_CONVERSION_ADQUIRENCIA_EST_ACEPTACIONCOMERCIOS_MDO01080_MEDIATEAM,cpc,facebook,2025-12-13
,BANCOLOMBIA_AT_EST_FB_PEF_CPA_CONVERSION_ADQUIRENCIA_EST_ACEPTACIONCOMERCIOS_MDO01080_MEDIATEAM,cpc,facebook,2025-12-13
,BANCOLOMBIA_AT_EST_FB_PEF_CPA_CONVERSION_ADQUIRENCIA_EST_ACEPTACIONCOMERCIOS_MDO01080_MEDIATEAM,cpc,facebook,2025-12-13
,ActivaTDApp,Activaci%C3%B3nTD,email,2025-12-13
,(direct),(none),(direct),2025-12-13
,(direct),(none),(direct),2025-12-13
,(direct),(none),(direct),2025-12-13
,BANCOLOMBIA_AT_EST_FB_PEF_CPA_CONVERSION_ADQUIRENCIA_EST_ACEPTACIONCOMERCIOS_MDO01080_MEDIATEAM,cpc,facebook,2025-12-13
160829132353000,(direct),(none),(direct),2025-12-13
,ActivaTDApp,Activaci%C3%B3nTD,email,2025-12-13
,(direct),(none),(direct),2025-12-13
,BANCOLOMBIA_VD_AON_FB_AWN_CPM_ALCANCE_INVERSION-VIRTUAL_MDO00863_014_VENTAS-DIGITALES,cpc,facebook,2025-12-13
,BANCOLOMBIA_VD_AON_FB_AWN_CPM_ALCANCE_INVERSION-VIRTUAL_MDO00863_014_VENTAS-DIGITALES,cpc,facebook,2025-12-13
,(direct),(none),(direct),2025-12-13
,(referral),referral,enel.com.co,2025-12-13
,(direct),(none),(direct),2025-12-13
,BANCOLOMBIA_AT_EST_FB_PEF_CPA_CONVERSION_ADQUIRENCIA_EST_ACEPTACIONCOMERCIOS_MDO01080_MEDIATEAM,cpc,facebook,2025-12-13
,(direct),(none),(direct),2025-12-13
,(direct),(none),(direct),2025-12-13
,BANCOLOMBIA_AT_EST_FB_PEF_CPA_CONVERSION_ADQUIRENCIA_EST_ACEPTACIONCOMERCIOS_MDO01080_MEDIATEAM,cpc,facebook,2025-12-13
,(direct),(none),(direct),2025-12-13
,ActivaTDApp,Activaci%C3%B3nTD,email,2025-12-13
,(direct),(none),(direct),2025-12-13
,(direct),(none),(direct),2025-12-13
,(direct),(none),(direct),2025-12-13
,(direct),(none),(direct),2025-12-13
,(direct),(none),(direct),2025-12-13
,BANCOLOMBIA_AT_EST_FB_PEF_CPA_CONVERSION_ADQUIRENCIA_EST_ACEPTACIONCOMERCIOS_MDO01080_MEDIATEAM,cpc,facebook,2025-12-13
,BANCOLOMBIA_AT_EST_FB_PEF_CPA_CONVERSION_ADQUIRENCIA_EST_ACEPTACIONCOMERCIOS_MDO01080_MEDIATEAM,cpc,facebook,2025-12-14
,BANCOLOMBIA_AT_EST_GDG_PEF_CPA_CONVERSION_ADQUIRENCIA_EST_ACEPTACIONCOMERCIOS_MDO01080_MEDIATEAM,cpc,google,2025-12-14
,BANCOLOMBIA_AT_EST_FB_PEF_CPA_CONVERSION_ADQUIRENCIA_EST_ACEPTACIONCOMERCIOS_MDO01080_MEDIATEAM,cpc,facebook,2025-12-14
,always-on-personas-cuentas-pricing-beneficios-de-tu-plan,boton,app-bancolombia,2025-12-14
,BANCOLOMBIA_AT_EST_FB_PEF_CPA_CONVERSION_ADQUIRENCIA_EST_ACEPTACIONCOMERCIOS_MDO01080_MEDIATEAM,cpc,facebook,2025-12-14
,(direct),(none),(direct),2025-12-14
,always-on-personas-cuentas-pricing-beneficios-de-tu-plan,boton,app-bancolombia,2025-12-14
,BANCOLOMBIA_AT_EST_FB_PEF_CPA_CONVERSION_ADQUIRENCIA_EST_ACEPTACIONCOMERCIOS_MDO01080_MEDIATEAM,cpc,facebook,2025-12-14
,(direct),(none),(direct),2025-12-14
140820112507000,(direct),(none),(direct),2025-12-15
,(direct),(none),(direct),2025-12-15
20719140859000,(direct),(none),(direct),2025-12-15
,(direct),(none),(direct),2025-12-15
,(direct),(none),(direct),2025-12-15
190417171551011,(direct),(none),(direct),2025-12-15
,BANCOLOMBIA_AT_EST_GDG_CONS_CPC_TRAFICO_LLAVES_COMERCIOS-QR-EDU_OIE6500001_001_MEDIA-TEAM,cpc,google,2025-12-15
,BANCOLOMBIA_AT_EST_FB_PEF_CPA_CONVERSION_ADQUIRENCIA_EST_ACEPTACIONCOMERCIOS_MDO01080_MEDIATEAM,cpc,facebook,2025-12-15
,(direct),(none),(direct),2025-12-15
,BANCOLOMBIA_AT_EST_GDG_PEF_CPA_CONVERSION_ADQUIRENCIA_EST_ACEPTACIONCOMERCIOS_MDO01080_MEDIATEAM,cpc,google,2025-12-15
,(direct),(none),(direct),2025-12-15
,(direct),(none),(direct),2025-12-15
,BANCOLOMBIA_AT_EST_GDG_CONS_CPC_TRAFICO_LLAVES_COMERCIOS-QR-EDU_OIE6500001_001_MEDIA-TEAM,cpc,google,2025-12-15
,(direct),(none),(direct),2025-12-15
,(direct),(none),(direct),2025-12-15
190417171551011,(direct),(none),(direct),2025-12-15
,(direct),(none),(direct),2025-12-15
180104100247000,(direct),(none),(direct),2025-12-15
,(direct),(none),(direct),2025-12-15
,BANCOLOMBIA_AT_EST_FB_PEF_CPA_CONVERSION_ADQUIRENCIA_EST_ACEPTACIONCOMERCIOS_MDO01080_MEDIATEAM,cpc,facebook,2025-12-15
220707211345000,(direct),(none),(direct),2025-12-15
,always-on-personas-tarjeta-de-credito-pantalla-tramites-solicitudes,link,app-bancolombia,2025-12-15
,BANCOLOMBIA_AT_EST_GG_PEF_CPA_CONVERSION_ADQUIRENCIA_EST_ACEPTACIONCOMERCIOS_MDO01080_MEDIATEAM,cpc,google,2025-12-15
,BANCOLOMBIA_AT_EST_FB_PEF_CPA_CONVERSION_ADQUIRENCIA_EST_ACEPTACIONCOMERCIOS_MDO01080_MEDIATEAM,cpc,facebook,2025-12-15
,BANCOLOMBIA_AT_EST_GDG_PEF_CPA_CONVERSION_ADQUIRENCIA_EST_ACEPTACIONCOMERCIOS_MDO01080_MEDIATEAM,cpc,google,2025-12-15
,BANCOLOMBIA_AT_EST_FB_PEF_CPA_CONVERSION_ADQUIRENCIA_EST_ACEPTACIONCOMERCIOS_MDO01080_MEDIATEAM,cpc,facebook,2025-12-15
,(direct),(none),(direct),2025-12-15
140820112507000,(direct),(none),(direct),2025-12-15
120704112653000,BANCOLOMBIA_AT_EST_GDG_PEF_CPA_CONVERSION_ADQUIRENCIA_EST_ACEPTACIONCOMERCIOS_MDO01080_MEDIATEAM,cpc,google,2025-12-15
,(direct),(none),(direct),2025-12-15
,BANCOLOMBIA_AT_EST_GG_PEF_CPA_CONVERSION_ADQUIRENCIA_EST_ACEPTACIONCOMERCIOS_MDO01080_MEDIATEAM,cpc,google,2025-12-15
,BANCOLOMBIA_AT_EST_FB_PEF_CPA_CONVERSION_ADQUIRENCIA_EST_ACEPTACIONCOMERCIOS_MDO01080_MEDIATEAM,cpc,facebook,2025-12-15
,(organic),organic,google,2025-12-15
,BANCOLOMBIA_AT_EST_GDG_PEF_CPA_CONVERSION_ADQUIRENCIA_EST_ACEPTACIONCOMERCIOS_MDO01080_MEDIATEAM,cpc,google,2025-12-15
,(direct),(none),(direct),2025-12-15
,(direct),(none),(direct),2025-12-15
,BANCOLOMBIA_AT_EST_FB_PEF_CPA_CONVERSION_ADQUIRENCIA_EST_ACEPTACIONCOMERCIOS_MDO01080_MEDIATEAM,cpc,facebook,2025-12-16
,BANCOLOMBIA_AT_EST_FB_PEF_CPA_CONVERSION_ADQUIRENCIA_EST_ACEPTACIONCOMERCIOS_MDO01080_MEDIATEAM,cpc,facebook,2025-12-16
,BANCOLOMBIA_AT_EST_GDG_PEF_CPA_CONVERSION_ADQUIRENCIA_EST_ACEPTACIONCOMERCIOS_MDO01080_MEDIATEAM,cpc,google,2025-12-16
,BANCOLOMBIA_AT_EST_FB_PEF_CPA_CONVERSION_ADQUIRENCIA_EST_ACEPTACIONCOMERCIOS_MDO01080_MEDIATEAM,cpc,facebook,2025-12-16
,BANCOLOMBIA_AT_EST_FB_PEF_CPA_CONVERSION_ADQUIRENCIA_EST_ACEPTACIONCOMERCIOS_MDO01080_MEDIATEAM,cpc,facebook,2025-12-16
,(direct),(none),(direct),2025-12-16
,BANCOLOMBIA_AT_EST_FB_PEF_CPA_CONVERSION_ADQUIRENCIA_EST_ACEPTACIONCOMERCIOS_MDO01080_MEDIATEAM,cpc,facebook,2025-12-16
,(organic),organic,google,2025-12-16
200111103806000,always-on-personas-tarjeta-de-credito-pantalla-tramites-solicitudes,link,app-bancolombia,2025-12-16
,BANCOLOMBIA_AT_EST_FB_PEF_CPA_CONVERSION_ADQUIRENCIA_EST_ACEPTACIONCOMERCIOS_MDO01080_MEDIATEAM,cpc,facebook,2025-12-16
,BANCOLOMBIA_AT_EST_FB_PEF_CPA_CONVERSION_ADQUIRENCIA_EST_ACEPTACIONCOMERCIOS_MDO01080_MEDIATEAM,cpc,facebook,2025-12-16
,BANCOLOMBIA_AT_EST_FB_PEF_CPA_CONVERSION_ADQUIRENCIA_EST_ACEPTACIONCOMERCIOS_MDO01080_MEDIATEAM,cpc,facebook,2025-12-16
,(organic),organic,google,2025-12-16
,BANCOLOMBIA_AT_EST_FB_PEF_CPA_CONVERSION_ADQUIRENCIA_EST_ACEPTACIONCOMERCIOS_MDO01080_MEDIATEAM,cpc,facebook,2025-12-16
,BANCOLOMBIA_AT_EST_FB_PEF_CPA_CONVERSION_ADQUIRENCIA_EST_ACEPTACIONCOMERCIOS_MDO01080_MEDIATEAM,cpc,facebook,2025-12-16
,(organic),organic,google,2025-12-16
200111103806000,always-on-personas-tarjeta-de-credito-pantalla-tramites-solicitudes,link,app-bancolombia,2025-12-16
,BANCOLOMBIA_AT_EST_FB_PEF_CPA_CONVERSION_ADQUIRENCIA_EST_ACEPTACIONCOMERCIOS_MDO01080_MEDIATEAM,cpc,facebook,2025-12-16
,BANCOLOMBIA_AT_EST_FB_PEF_CPA_CONVERSION_ADQUIRENCIA_EST_ACEPTACIONCOMERCIOS_MDO01080_MEDIATEAM,cpc,facebook,2025-12-16
,(organic),organic,google,2025-12-16
,(organic),organic,google,2025-12-16
,BANCOLOMBIA_AT_EST_FB_PEF_CPA_CONVERSION_ADQUIRENCIA_EST_ACEPTACIONCOMERCIOS_MDO01080_MEDIATEAM,cpc,facebook,2025-12-16
,BANCOLOMBIA_AT_EST_FB_PEF_CPA_CONVERSION_ADQUIRENCIA_EST_ACEPTACIONCOMERCIOS_MDO01080_MEDIATEAM,cpc,facebook,2025-12-16
,BANCOLOMBIA_AT_EST_FB_PEF_CPA_CONVERSION_ADQUIRENCIA_EST_ACEPTACIONCOMERCIOS_MDO01080_MEDIATEAM,cpc,facebook,2025-12-16
,BANCOLOMBIA_AT_EST_FB_PEF_CPA_CONVERSION_ADQUIRENCIA_EST_ACEPTACIONCOMERCIOS_MDO01080_MEDIATEAM,cpc,facebook,2025-12-16
,(organic),organic,google,2025-12-16
,BANCOLOMBIA_AT_EST_FB_CONS_CPV_RVIDEO_ADQUIRENCIA_EST_ACEPTACIÓNCOMERCIOS_MDO01080_MEDIATEAM,cpc,facebook,2025-12-16
,BANCOLOMBIA_AT_EST_FB_PEF_CPA_CONVERSION_ADQUIRENCIA_EST_ACEPTACIONCOMERCIOS_MDO01080_MEDIATEAM,cpc,facebook,2025-12-17
,BANCOLOMBIA_AT_EST_SEM-PDB_PEF_CPA_CONVERSION_ADQUIRENCIA_EST_ACEPTACIONCOMERCIOS_MDO01080_MEDIATEAM,cpc,google,2025-12-17
,BANCOLOMBIA_AT_EST_FB_CONS_CPV_RVIDEO_ADQUIRENCIA_EST_ACEPTACIÓNCOMERCIOS_MDO01080_MEDIATEAM,cpc,facebook,2025-12-17
,BANCOLOMBIA_AT_EST_FB_PEF_CPA_CONVERSION_ADQUIRENCIA_EST_ACEPTACIONCOMERCIOS_MDO01080_MEDIATEAM,cpc,facebook,2025-12-17
,BANCOLOMBIA_AT_EST_FB_PEF_CPA_CONVERSION_ADQUIRENCIA_EST_ACEPTACIONCOMERCIOS_MDO01080_MEDIATEAM,cpc,facebook,2025-12-17
,BANCOLOMBIA_AT_EST_SEM-CT_PEF_CPA_CONVERSION_ADQUIRENCIA_EST_ACEPTACIONCOMERCIOS_MDO01080_MEDIATEAM,cpc,google,2025-12-17
,BANCOLOMBIA_AT_EST_FB_PEF_CPA_CONVERSION_LLAVES-COMERCIOS-QR_OIE6500001_001_MEDIA-TEAM_SOSTENIMIENTO,cpc,facebook,2025-12-17
,BANCOLOMBIA_AT_EST_FB_PEF_CPA_CONVERSION_ADQUIRENCIA_EST_ACEPTACIONCOMERCIOS_MDO01080_MEDIATEAM,cpc,facebook,2025-12-17
,BANCOLOMBIA_AT_EST_FB_PEF_CPA_CONVERSION_ADQUIRENCIA_EST_ACEPTACIONCOMERCIOS_MDO01080_MEDIATEAM,cpc,facebook,2025-12-17
,(direct),(none),(direct),2025-12-17
,(direct),(none),(direct),2025-12-17
,personas-adquirencia,wtrack,email,2025-12-17
,BANCOLOMBIA_AT_EST_FB_PEF_CPA_CONVERSION_ADQUIRENCIA_EST_ACEPTACIONCOMERCIOS_MDO01080_MEDIATEAM,cpc,facebook,2025-12-17
,(direct),(none),(direct),2025-12-17
,BANCOLOMBIA_AT_EST_FB_PEF_CPA_CONVERSION_ADQUIRENCIA_EST_ACEPTACIONCOMERCIOS_MDO01080_MEDIATEAM,cpc,facebook,2025-12-17
,BANCOLOMBIA_AT_EST_FB_PEF_CPA_CONVERSION_ADQUIRENCIA_EST_ACEPTACIONCOMERCIOS_MDO01080_MEDIATEAM,cpc,facebook,2025-12-17
,(direct),(none),(direct),2025-12-17
,(direct),(none),(direct),2025-12-17
,BANCOLOMBIA_AT_EST_FB_PEF_CPA_CONVERSION_ADQUIRENCIA_EST_ACEPTACIONCOMERCIOS_MDO01080_MEDIATEAM,cpc,facebook,2025-12-17
,EMAIL_MECANICA_MAIL1_INDEPENDIENTES_MECANICA_MAIL1_OCTUBRE,link,email,2025-12-17
,BANCOLOMBIA_AT_EST_FB_PEF_CPA_CONVERSION_ADQUIRENCIA_EST_ACEPTACIONCOMERCIOS_MDO01080_MEDIATEAM,cpc,facebook,2025-12-17
,BANCOLOMBIA_AT_EST_SEM-PDB_PEF_CPA_CONVERSION_ADQUIRENCIA_EST_ACEPTACIONCOMERCIOS_MDO01080_MEDIATEAM,cpc,google,2025-12-17
,(direct),(none),(direct),2025-12-17
,BANCOLOMBIA_AT_EST_FB_PEF_CPA_CONVERSION_ADQUIRENCIA_EST_ACEPTACIONCOMERCIOS_MDO01080_MEDIATEAM,cpc,facebook,2025-12-17
,(direct),(none),(direct),2025-12-17
,(direct),(none),(direct),2025-12-17
,BANCOLOMBIA_CONT_AON_FB_PEF_CPR_EVENTO_PODCAST_MDO00882_EDAP_2025_023_NEGOCIO,cpc,facebook,2025-12-17
,personas-adquirencia,wtrack,email,2025-12-17
,(organic),organic,google,2025-12-17
,BANCOLOMBIA_AT_EST_FB_PEF_CPA_CONVERSION_ADQUIRENCIA_EST_ACEPTACIONCOMERCIOS_MDO01080_MEDIATEAM,cpc,facebook,2025-12-17
240210145330000,(direct),(none),(direct),2025-12-17
,BANCOLOMBIA_AT_EST_FB_PEF_CPA_CONVERSION_ADQUIRENCIA_EST_ACEPTACIONCOMERCIOS_MDO01080_MEDIATEAM,cpc,facebook,2025-12-17
,EMAIL_PYMES_INDEPENDIENTES_BENEFICIOSGENERALES_DICIEMBRE,link,email,2025-12-17
,EMAIL_MECANICA_MAIL1_INDEPENDIENTES_MECANICA_MAIL1_OCTUBRE,link,email,2025-12-17
,BANCOLOMBIA_AT_EST_FB_PEF_CPA_CONVERSION_LLAVES-COMERCIOS-QR_OIE6500001_001_MEDIA-TEAM_SOSTENIMIENTO,cpc,facebook,2025-12-17
,(organic),organic,google,2025-12-17
,BANCOLOMBIA_AT_EST_FB_PEF_CPA_CONVERSION_ADQUIRENCIA_EST_ACEPTACIONCOMERCIOS_MDO01080_MEDIATEAM,cpc,facebook,2025-12-17
,BANCOLOMBIA_AT_EST_FB_CONS_CPV_RVIDEO_ADQUIRENCIA_EST_ACEPTACIÓNCOMERCIOS_MDO01080_MEDIATEAM,cpc,facebook,2025-12-17
,(direct),(none),(direct),2025-12-17
,(direct),(none),(direct),2025-12-17
,(direct),(none),(direct),2025-12-18
,(direct),(none),(direct),2025-12-18
,BANCOLOMBIA_AT_EST_FB_PEF_CPA_CONVERSION_ADQUIRENCIA_EST_ACEPTACIONCOMERCIOS_MDO01080_MEDIATEAM,cpc,facebook,2025-12-18
,BANCOLOMBIA_AT_EST_SEM-CT_PEF_CPA_CONVERSION_ADQUIRENCIA_EST_ACEPTACIONCOMERCIOS_MDO01080_MEDIATEAM,cpc,google,2025-12-18
,(direct),(none),(direct),2025-12-18
,EMAIL_PYMES_INDEPENDIENTES_BENEFICIOSGENERALES_DICIEMBRE,link,email,2025-12-18
,BANCOLOMBIA_AT_EST_FB_PEF_CPA_CONVERSION_ADQUIRENCIA_EST_ACEPTACIONCOMERCIOS_MDO01080_MEDIATEAM,cpc,facebook,2025-12-18
,EMAIL_PYMES_INDEPENDIENTES_BENEFICIOSGENERALES_DICIEMBRE,link,email,2025-12-18
,(organic),organic,google,2025-12-18
,BANCOLOMBIA_AT_EST_FB_PEF_CPA_CONVERSION_ADQUIRENCIA_EST_ACEPTACIONCOMERCIOS_MDO01080_MEDIATEAM,cpc,facebook,2025-12-18
,BANCOLOMBIA_AT_EST_FB_PEF_CPA_CONVERSION_ADQUIRENCIA_EST_ACEPTACIONCOMERCIOS_MDO01080_MEDIATEAM,cpc,facebook,2025-12-18
,(direct),(none),(direct),2025-12-18
230822163743000,Htaccess-9-personas,Redirect,Organic,2025-12-18
,(direct),(none),(direct),2025-12-18
,(direct),(none),(direct),2025-12-18
,BANCOLOMBIA_AT_EST_SEM-CT_PEF_CPA_CONVERSION_ADQUIRENCIA_EST_ACEPTACIONCOMERCIOS_MDO01080_MEDIATEAM,cpc,google,2025-12-18
,(direct),(none),(direct),2025-12-18
,BANCOLOMBIA_AT_AON_SEM-PDB_CONS_CPA_CONVERSION_LLAVES-COMERCIOS-QR_DAVE_MDO00885_001_MEDIA-TEAM,cpc,google,2025-12-18
,BANCOLOMBIA_AT_EST_FB_PEF_CPA_CONVERSION_ADQUIRENCIA_EST_ACEPTACIONCOMERCIOS_MDO01080_MEDIATEAM,cpc,facebook,2025-12-18
,(direct),(none),(direct),2025-12-18
,BANCOLOMBIA_AT_EST_FB_CONS_CPS_TRAFICO_ADQUIRENCIA_EST_ACEPTACIONCOMERCIOS_MDO01080_MEDIATEAM,cpc,facebook,2025-12-18
,BANCOLOMBIA_AT_EST_SEM-CT_PEF_CPA_CONVERSION_ADQUIRENCIA_EST_ACEPTACIONCOMERCIOS_MDO01080_MEDIATEAM,cpc,google,2025-12-18
,BANCOLOMBIA_AT_EST_FB_CONS_CPS_TRAFICO_ADQUIRENCIA_EST_ACEPTACIONCOMERCIOS_MDO01080_MEDIATEAM,cpc,facebook,2025-12-18
,BANCOLOMBIA_AT_EST_FB_CONS_CPV_RVIDEO_ADQUIRENCIA_EST_ACEPTACIÓNCOMERCIOS_MDO01080_MEDIATEAM,cpc,facebook,2025-12-18
,BANCOLOMBIA_AT_EST_FB_PEF_CPA_CONVERSION_ADQUIRENCIA_EST_ACEPTACIONCOMERCIOS_MDO01080_MEDIATEAM,cpc,facebook,2025-12-18
,(organic),organic,google,2025-12-18
,BANCOLOMBIA_AT_EST_FB_PEF_CPA_CONVERSION_ADQUIRENCIA_EST_ACEPTACIONCOMERCIOS_MDO01080_MEDIATEAM,cpc,facebook,2025-12-18
,(direct),(none),(direct),2025-12-18
,BANCOLOMBIA_AT_EST_GDG_PEF_CPA_CONVERSION_ADQUIRENCIA_EST_ACEPTACIONCOMERCIOS_MDO01080_MEDIATEAM,cpc,google,2025-12-19
,BANCOLOMBIA_AT_AON_SEM-PDB_CONS_CPA_CONVERSION_LLAVES-COMERCIOS-QR_DAVE_MDO00885_001_MEDIA-TEAM,cpc,google,2025-12-19
,(direct),(none),(direct),2025-12-19
,(organic),organic,google,2025-12-19
,BANCOLOMBIA_AT_EST_FB_PEF_CPA_CONVERSION_ADQUIRENCIA_EST_ACEPTACIONCOMERCIOS_MDO01080_MEDIATEAM,cpc,facebook,2025-12-19
,BANCOLOMBIA_AT_EST_FB_PEF_CPA_CONVERSION_ADQUIRENCIA_EST_ACEPTACIONCOMERCIOS_MDO01080_MEDIATEAM,cpc,facebook,2025-12-19
,BANCOLOMBIA_AT_EST_GDG_PEF_CPA_CONVERSION_ADQUIRENCIA_EST_ACEPTACIONCOMERCIOS_MDO01080_MEDIATEAM,cpc,google,2025-12-19
,BANCOLOMBIA_VD_AON_SEM-PDB_PEF_CPA_CONVERSION_CUENTAS-DE-AHORRO_MDO00862_005_VENTAS-DIGITALES,cpc,google,2025-12-19
,BANCOLOMBIA_AT_EST_GDG_PEF_CPA_CONVERSION_ADQUIRENCIA_EST_ACEPTACIONCOMERCIOS_MDO01080_MEDIATEAM,cpc,google,2025-12-19
,NavidadPagos,card,app,2025-12-19
120816084105000,estacional-personas-otros-productos-qrinteroperable,,appcard,2025-12-19
,(direct),(none),(direct),2025-12-19
,BANCOLOMBIA_VD_AON_SEM-PDB_PEF_CPA_CONVERSION_CUENTAS-DE-AHORRO_MDO00862_005_VENTAS-DIGITALES,cpc,google,2025-12-19
120704112653000,BANCOLOMBIA_AT_EST_GDG_PEF_CPA_CONVERSION_ADQUIRENCIA_EST_ACEPTACIONCOMERCIOS_MDO01080_MEDIATEAM,cpc,google,2025-12-19
,BANCOLOMBIA_AT_EST_FB_PEF_CPA_CONVERSION_ADQUIRENCIA_EST_ACEPTACIONCOMERCIOS_MDO01080_MEDIATEAM,cpc,facebook,2025-12-19
,BANCOLOMBIA_AT_AON_SEM-PDB_CONS_CPA_CONVERSION_LLAVES-COMERCIOS-QR_DAVE_MDO00885_001_MEDIA-TEAM,cpc,google,2025-12-19
,BANCOLOMBIA_AT_EST_GDG_PEF_CPA_CONVERSION_ADQUIRENCIA_EST_ACEPTACIONCOMERCIOS_MDO01080_MEDIATEAM,cpc,google,2025-12-19
,NavidadPagos,card,app,2025-12-19
,BANCOLOMBIA_AT_EST_FB_PEF_CPA_CONVERSION_ADQUIRENCIA_EST_ACEPTACIONCOMERCIOS_MDO01080_MEDIATEAM,cpc,facebook,2025-12-19
120704112653000,BANCOLOMBIA_AT_EST_GDG_PEF_CPA_CONVERSION_ADQUIRENCIA_EST_ACEPTACIONCOMERCIOS_MDO01080_MEDIATEAM,cpc,google,2025-12-19
,BANCOLOMBIA_AT_EST_GDG_PEF_CPA_CONVERSION_ADQUIRENCIA_EST_ACEPTACIONCOMERCIOS_MDO01080_MEDIATEAM,cpc,google,2025-12-19
,EMAIL_PYMES_INDEPENDIENTES_BENEFICIOSGENERALES_DICIEMBRE,link,email,2025-12-19
,(direct),(none),(direct),2025-12-19
,(direct),(none),(direct),2025-12-19
,BANCOLOMBIA_AT_EST_SEM-PDB_PEF_CPA_CONVERSION_ADQUIRENCIA_EST_ACEPTACIONCOMERCIOS_MDO01080_MEDIATEAM,cpc,google,2025-12-19
150819092922000,(organic),organic,google,2025-12-19
120816084105000,estacional-personas-otros-productos-qrinteroperable,,appcard,2025-12-19
,(organic),organic,google,2025-12-19
,BANCOLOMBIA_AT_EST_SEM-CT_PEF_CPA_CONVERSION_ADQUIRENCIA_EST_ACEPTACIONCOMERCIOS_MDO01080_MEDIATEAM,cpc,google,2025-12-20
,(direct),(none),(direct),2025-12-20
,(direct),(none),(direct),2025-12-20
,BANCOLOMBIA_VD_AON_SEM-PDB_PEF_CPA_CONVERSION_CUENTAS-DE-AHORRO_MDO00862_005_VENTAS-DIGITALES,cpc,google,2025-12-20
,BANCOLOMBIA_AT_EST_GDG_PEF_CPA_CONVERSION_ADQUIRENCIA_EST_ACEPTACIONCOMERCIOS_MDO01080_MEDIATEAM,cpc,google,2025-12-20
,(direct),(none),(direct),2025-12-20
,(direct),(none),(direct),2025-12-20
,BANCOLOMBIA_AT_EST_FB_PEF_CPA_CONVERSION_ADQUIRENCIA_EST_ACEPTACIONCOMERCIOS_MDO01080_MEDIATEAM,cpc,facebook,2025-12-20
,(direct),(none),(direct),2025-12-20
,BANCOLOMBIA_AT_EST_GDG_PEF_CPA_CONVERSION_ADQUIRENCIA_EST_ACEPTACIONCOMERCIOS_MDO01080_MEDIATEAM,cpc,google,2025-12-20
,(direct),(none),(direct),2025-12-20
,BANCOLOMBIA_AT_EST_FB_PEF_CPA_CONVERSION_ADQUIRENCIA_EST_ACEPTACIONCOMERCIOS_MDO01080_MEDIATEAM,cpc,facebook,2025-12-20
,(direct),(none),(direct),2025-12-20
,BANCOLOMBIA_AT_EST_SEM-CT_PEF_CPA_CONVERSION_ADQUIRENCIA_EST_ACEPTACIONCOMERCIOS_MDO01080_MEDIATEAM,cpc,google,2025-12-20
,(direct),(none),(direct),2025-12-20
61022110410063,(direct),(none),(direct),2025-12-20
,(direct),(none),(direct),2025-12-20
,BANCOLOMBIA_AT_EST_FB_PEF_CPA_CONVERSION_ADQUIRENCIA_EST_ACEPTACIONCOMERCIOS_MDO01080_MEDIATEAM,cpc,facebook,2025-12-20
,BANCOLOMBIA_AT_EST_FB_PEF_CPA_CONVERSION_ADQUIRENCIA_EST_ACEPTACIONCOMERCIOS_MDO01080_MEDIATEAM,cpc,facebook,2025-12-20
,(direct),(none),(direct),2025-12-20
,BANCOLOMBIA_AT_EST_GDG_PEF_CPA_CONVERSION_ADQUIRENCIA_EST_ACEPTACIONCOMERCIOS_MDO01080_MEDIATEAM,cpc,google,2025-12-20
,BANCOLOMBIA_AT_EST_FB_PEF_CPA_CONVERSION_ADQUIRENCIA_EST_ACEPTACIONCOMERCIOS_MDO01080_MEDIATEAM,cpc,facebook,2025-12-20
,(direct),(none),(direct),2025-12-20
,BANCOLOMBIA_AT_EST_FB_PEF_CPA_CONVERSION_LLAVES-COMERCIOS-QR_OIE6500001_001_MEDIA-TEAM_SOSTENIMIENTO,cpc,facebook,2025-12-20
,(direct),(none),(direct),2025-12-20
,(direct),(none),(direct),2025-12-20
,BANCOLOMBIA_AT_EST_GDG_PEF_CPA_CONVERSION_ADQUIRENCIA_EST_ACEPTACIONCOMERCIOS_MDO01080_MEDIATEAM,cpc,google,2025-12-20
,(direct),(none),(direct),2025-12-20
,BANCOLOMBIA_AT_EST_FB_PEF_CPA_CONVERSION_ADQUIRENCIA_EST_ACEPTACIONCOMERCIOS_MDO01080_MEDIATEAM,cpc,facebook,2025-12-20
,BANCOLOMBIA_AT_EST_FB_PEF_CPA_CONVERSION_ADQUIRENCIA_EST_ACEPTACIONCOMERCIOS_MDO01080_MEDIATEAM,cpc,facebook,2025-12-21
,BANCOLOMBIA_AT_EST_FB_PEF_CPA_CONVERSION_ADQUIRENCIA_EST_ACEPTACIONCOMERCIOS_MDO01080_MEDIATEAM,cpc,facebook,2025-12-21
,BANCOLOMBIA_AT_EST_FB_PEF_CPA_CONVERSION_ADQUIRENCIA_EST_ACEPTACIONCOMERCIOS_MDO01080_MEDIATEAM,cpc,facebook,2025-12-21
,BANCOLOMBIA_AT_EST_FB_PEF_CPA_CONVERSION_ADQUIRENCIA_EST_ACEPTACIONCOMERCIOS_MDO01080_MEDIATEAM,cpc,facebook,2025-12-21
,BANCOLOMBIA_AT_EST_GDG_PEF_CPA_CONVERSION_ADQUIRENCIA_EST_ACEPTACIONCOMERCIOS_MDO01080_MEDIATEAM,cpc,google,2025-12-21
,BANCOLOMBIA_AT_EST_FB_PEF_CPA_CONVERSION_ADQUIRENCIA_EST_ACEPTACIONCOMERCIOS_MDO01080_MEDIATEAM,cpc,facebook,2025-12-21
,BANCOLOMBIA_AT_EST_FB_PEF_CPA_CONVERSION_ADQUIRENCIA_EST_ACEPTACIONCOMERCIOS_MDO01080_MEDIATEAM,cpc,facebook,2025-12-21
,BANCOLOMBIA_AT_EST_FB_PEF_CPA_CONVERSION_ADQUIRENCIA_EST_ACEPTACIONCOMERCIOS_MDO01080_MEDIATEAM,cpc,facebook,2025-12-21
,120221448568370092,paid,fb,2025-12-21
,BANCOLOMBIA_AT_EST_FB_PEF_CPA_CONVERSION_ADQUIRENCIA_EST_ACEPTACIONCOMERCIOS_MDO01080_MEDIATEAM,cpc,facebook,2025-12-21
,BANCOLOMBIA_AT_EST_FB_PEF_CPA_CONVERSION_ADQUIRENCIA_EST_ACEPTACIONCOMERCIOS_MDO01080_MEDIATEAM,cpc,facebook,2025-12-21
,BANCOLOMBIA_AT_EST_FB_PEF_CPA_CONVERSION_ADQUIRENCIA_EST_ACEPTACIONCOMERCIOS_MDO01080_MEDIATEAM,cpc,facebook,2025-12-21
,BANCOLOMBIA_AT_EST_FB_PEF_CPA_CONVERSION_ADQUIRENCIA_EST_ACEPTACIONCOMERCIOS_MDO01080_MEDIATEAM,cpc,facebook,2025-12-21
,BANCOLOMBIA_AT_EST_FB_PEF_CPA_CONVERSION_ADQUIRENCIA_EST_ACEPTACIONCOMERCIOS_MDO01080_MEDIATEAM,cpc,facebook,2025-12-21
,BANCOLOMBIA_AT_EST_FB_PEF_CPA_CONVERSION_ADQUIRENCIA_EST_ACEPTACIONCOMERCIOS_MDO01080_MEDIATEAM,cpc,facebook,2025-12-21
,BANCOLOMBIA_AT_EST_FB_PEF_CPA_CONVERSION_ADQUIRENCIA_EST_ACEPTACIONCOMERCIOS_MDO01080_MEDIATEAM,cpc,facebook,2025-12-21
,BANCOLOMBIA_AT_EST_FB_PEF_CPA_CONVERSION_ADQUIRENCIA_EST_ACEPTACIONCOMERCIOS_MDO01080_MEDIATEAM,cpc,facebook,2025-12-21
,(direct),(none),(direct),2025-12-21
980628175907014,(direct),(none),(direct),2025-12-21
,BANCOLOMBIA_AT_EST_FB_PEF_CPA_CONVERSION_ADQUIRENCIA_EST_ACEPTACIONCOMERCIOS_MDO01080_MEDIATEAM,cpc,facebook,2025-12-21
,SVP,Boton,App,2025-12-21
180928150628000,(direct),(none),(direct),2025-12-21
,BANCOLOMBIA_AT_EST_FB_PEF_CPA_CONVERSION_ADQUIRENCIA_EST_ACEPTACIONCOMERCIOS_MDO01080_MEDIATEAM,cpc,facebook,2025-12-21
,BANCOLOMBIA_AT_EST_FB_PEF_CPA_CONVERSION_ADQUIRENCIA_EST_ACEPTACIONCOMERCIOS_MDO01080_MEDIATEAM,cpc,facebook,2025-12-21
,120221448568370092,paid,fb,2025-12-21
,BANCOLOMBIA_AT_EST_FB_PEF_CPA_CONVERSION_ADQUIRENCIA_EST_ACEPTACIONCOMERCIOS_MDO01080_MEDIATEAM,cpc,facebook,2025-12-21
,BANCOLOMBIA_AT_EST_FB_PEF_CPA_CONVERSION_ADQUIRENCIA_EST_ACEPTACIONCOMERCIOS_MDO01080_MEDIATEAM,cpc,facebook,2025-12-21
,BANCOLOMBIA_AT_EST_FB_PEF_CPA_CONVERSION_ADQUIRENCIA_EST_ACEPTACIONCOMERCIOS_MDO01080_MEDIATEAM,cpc,facebook,2025-12-21
,BANCOLOMBIA_AT_EST_FB_PEF_CPA_CONVERSION_ADQUIRENCIA_EST_ACEPTACIONCOMERCIOS_MDO01080_MEDIATEAM,cpc,facebook,2025-12-21
,BANCOLOMBIA_AT_EST_FB_PEF_CPA_CONVERSION_ADQUIRENCIA_EST_ACEPTACIONCOMERCIOS_MDO01080_MEDIATEAM,cpc,facebook,2025-12-21
,BANCOLOMBIA_AT_EST_FB_PEF_CPA_CONVERSION_ADQUIRENCIA_EST_ACEPTACIONCOMERCIOS_MDO01080_MEDIATEAM,cpc,facebook,2025-12-21
,BANCOLOMBIA_PSN_EST_GDG_CONS_CPC_TRAFICO_MIGRACION-LANZAMIENTIO_OIC5400002_006_NEGOCIO,cpc,google,2025-12-21
,(direct),(none),(direct),2025-12-21
980628175907014,(direct),(none),(direct),2025-12-21
,BANCOLOMBIA_AT_EST_FB_PEF_CPA_CONVERSION_ADQUIRENCIA_EST_ACEPTACIONCOMERCIOS_MDO01080_MEDIATEAM,cpc,facebook,2025-12-21
,(direct),(none),(direct),2025-12-21
,(direct),(none),(direct),2025-12-22
,BANCOLOMBIA_AT_EST_FB_PEF_CPA_CONVERSION_ADQUIRENCIA_EST_ACEPTACIONCOMERCIOS_MDO01080_MEDIATEAM,cpc,facebook,2025-12-22
,BANCOLOMBIA_AT_EST_SEM-CT_PEF_CPA_CONVERSION_ADQUIRENCIA_EST_ACEPTACIONCOMERCIOS_MDO01080_MEDIATEAM,cpc,google,2025-12-22
220218144755000,(direct),(none),(direct),2025-12-22
,BANCOLOMBIA_AT_EST_SEM-PDB_PEF_CPA_CONVERSION_ADQUIRENCIA_EST_ACEPTACIONCOMERCIOS_MDO01080_MEDIATEAM,cpc,google,2025-12-22
,(direct),(none),(direct),2025-12-22
110802100404009,(organic),organic,google,2025-12-22
180328114314000,(direct),(none),(direct),2025-12-22
,BANCOLOMBIA_AT_EST_FB_PEF_CPA_CONVERSION_ADQUIRENCIA_EST_ACEPTACIONCOMERCIOS_MDO01080_MEDIATEAM,cpc,facebook,2025-12-22
,(referral),referral,co.search.yahoo.com,2025-12-22
,BANCOLOMBIA_AT_EST_SEM-PDB_PEF_CPA_CONVERSION_ADQUIRENCIA_EST_ACEPTACIONCOMERCIOS_MDO01080_MEDIATEAM,cpc,google,2025-12-22
,BANCOLOMBIA_AT_EST_SEM-PDB_PEF_CPA_CONVERSION_ADQUIRENCIA_EST_ACEPTACIONCOMERCIOS_MDO01080_MEDIATEAM,cpc,google,2025-12-22
,BANCOLOMBIA_AT_EST_FB_PEF_CPA_CONVERSION_ADQUIRENCIA_EST_ACEPTACIONCOMERCIOS_MDO01080_MEDIATEAM,cpc,facebook,2025-12-22
,(direct),(none),(direct),2025-12-22
,(direct),(none),(direct),2025-12-22
,(referral),referral,lifemiles.com,2025-12-22
,(direct),(none),(direct),2025-12-22
,120238007264490092,paid,fb,2025-12-22
,BANCOLOMBIA_AT_EST_SEM-PDB_PEF_CPA_CONVERSION_ADQUIRENCIA_EST_ACEPTACIONCOMERCIOS_MDO01080_MEDIATEAM,cpc,google,2025-12-22
50914111131000,(direct),(none),(direct),2025-12-22
,(direct),(none),(direct),2025-12-22
,(direct),(none),(direct),2025-12-22
,(direct),(none),(direct),2025-12-22
,(direct),(none),(direct),2025-12-22
,(direct),(none),(direct),2025-12-22
,EMAIL_PYMES_INDEPENDIENTES_BENEFICIOSGENERALES_DICIEMBRE,link,email,2025-12-23
,BANCOLOMBIA_AT_EST_SEM-CT_PEF_CPA_CONVERSION_ADQUIRENCIA_EST_ACEPTACIONCOMERCIOS_MDO01080_MEDIATEAM,cpc,google,2025-12-23
,BANCOLOMBIA_AT_EST_FB_PEF_CPA_CONVERSION_BRE-B_OIE6500001_010_MEDIA-TEAM_BBDD_EA,cpc,facebook,2025-12-23
241026125545000,(direct),(none),(direct),2025-12-23
,(organic),organic,google,2025-12-23
61022112108235,Htaccess-9-personas,Redirect,Organic,2025-12-23
,(direct),(none),(direct),2025-12-23
,EMAIL_PYMES_INDEPENDIENTES_BENEFICIOSGENERALES_DICIEMBRE,link,email,2025-12-23
,BANCOLOMBIA_AT_EST_GDG_PEF_CPA_CONVERSION_ADQUIRENCIA_EST_ACEPTACIONCOMERCIOS_MDO01080_MEDIATEAM,cpc,google,2025-12-23
,(direct),(none),(direct),2025-12-23
,(direct),(none),(direct),2025-12-23
90202113228000,(organic),organic,google,2025-12-23
,(direct),(none),(direct),2025-12-23
61022112108235,Htaccess-9-personas,Redirect,Organic,2025-12-23
,(organic),organic,google,2025-12-23
,Inac,Tabot,wp,2025-12-23
,(direct),(none),(direct),2025-12-23
,BANCOLOMBIA_AT_EST_GDG_PEF_CPA_CONVERSION_ADQUIRENCIA_EST_ACEPTACIONCOMERCIOS_MDO01080_MEDIATEAM,cpc,google,2025-12-23
,personas-adquirencia,wtrack,email,2025-12-23
,(direct),(none),(direct),2025-12-23
,(organic),organic,google,2025-12-23
,BANCOLOMBIA_AT_EST_FB_PEF_CPA_CONVERSION_ADQUIRENCIA_EST_ACEPTACIONCOMERCIOS_MDO01080_MEDIATEAM,cpc,facebook,2025-12-24
,BANCOLOMBIA_AT_EST_FB_PEF_CPA_CONVERSION_ADQUIRENCIA_EST_ACEPTACIONCOMERCIOS_MDO01080_MEDIATEAM,cpc,facebook,2025-12-24
,BANCOLOMBIA_AT_EST_FB_PEF_CPA_CONVERSION_ADQUIRENCIA_EST_ACEPTACIONCOMERCIOS_MDO01080_MEDIATEAM,cpc,facebook,2025-12-24
,BANCOLOMBIA_AT_EST_FB_PEF_CPA_CONVERSION_ADQUIRENCIA_EST_ACEPTACIONCOMERCIOS_MDO01080_MEDIATEAM,cpc,facebook,2025-12-24
,BANCOLOMBIA_AT_EST_FB_PEF_CPA_CONVERSION_ADQUIRENCIA_EST_ACEPTACIONCOMERCIOS_MDO01080_MEDIATEAM,cpc,facebook,2025-12-24
,(direct),(none),(direct),2025-12-24
,BANCOLOMBIA_AT_EST_FB_PEF_CPA_CONVERSION_ADQUIRENCIA_EST_ACEPTACIONCOMERCIOS_MDO01080_MEDIATEAM,cpc,facebook,2025-12-24
,(direct),(none),(direct),2025-12-24
,(direct),(none),(direct),2025-12-24
,BANCOLOMBIA_AT_EST_FB_PEF_CPA_CONVERSION_ADQUIRENCIA_EST_ACEPTACIONCOMERCIOS_MDO01080_MEDIATEAM,cpc,facebook,2025-12-24
,(direct),(none),(direct),2025-12-24
,BANCOLOMBIA_AT_EST_FB_PEF_CPA_CONVERSION_ADQUIRENCIA_EST_ACEPTACIONCOMERCIOS_MDO01080_MEDIATEAM,cpc,facebook,2025-12-24
,BANCOLOMBIA_AT_EST_FB_PEF_CPA_CONVERSION_ADQUIRENCIA_EST_ACEPTACIONCOMERCIOS_MDO01080_MEDIATEAM,cpc,facebook,2025-12-24
,BANCOLOMBIA_AT_EST_FB_PEF_CPA_CONVERSION_ADQUIRENCIA_EST_ACEPTACIONCOMERCIOS_MDO01080_MEDIATEAM,cpc,facebook,2025-12-24
,BANCOLOMBIA_AT_EST_GDG_PEF_CPA_CONVERSION_ADQUIRENCIA_EST_ACEPTACIONCOMERCIOS_MDO01080_MEDIATEAM,cpc,google,2025-12-24
,BANCOLOMBIA_AT_EST_FB_PEF_CPA_CONVERSION_ADQUIRENCIA_EST_ACEPTACIONCOMERCIOS_MDO01080_MEDIATEAM,cpc,facebook,2025-12-25
,(organic),organic,google,2025-12-25
,(direct),(none),(direct),2025-12-25
,(direct),(none),(direct),2025-12-25
,BANCOLOMBIA_PSN_EST_FB_CONS_CPC_TRAFICO_BOLSILLOS-DAVE_MDO00885_024_NEGOCIO,cpc,facebook,2025-12-25
,(direct),(none),(direct),2025-12-25
20719140859000,(direct),(none),(direct),2025-12-25
,BANCOLOMBIA_AT_EST_FB_CONS_CPS_TRAFICO_ADQUIRENCIA_EST_ACEPTACIONCOMERCIOS_MDO01080_MEDIATEAM,cpc,facebook,2025-12-25
,BANCOLOMBIA_AT_EST_FB_CONS_CPS_TRAFICO_ADQUIRENCIA_EST_ACEPTACIONCOMERCIOS_MDO01080_MEDIATEAM,cpc,facebook,2025-12-25
,BANCOLOMBIA_AT_EST_FB_PEF_CPA_CONVERSION_ADQUIRENCIA_EST_ACEPTACIONCOMERCIOS_MDO01080_MEDIATEAM,cpc,facebook,2025-12-25
,BANCOLOMBIA_AT_EST_FB_PEF_CPA_CONVERSION_ADQUIRENCIA_EST_ACEPTACIONCOMERCIOS_MDO01080_MEDIATEAM,cpc,facebook,2025-12-25
,BANCOLOMBIA_AT_EST_FB_PEF_CPA_CONVERSION_ADQUIRENCIA_EST_ACEPTACIONCOMERCIOS_MDO01080_MEDIATEAM,cpc,facebook,2025-12-25
,120238007264490092,paid,fb,2025-12-25
,120238007264490092,paid,fb,2025-12-25
,120238007264490092,paid,fb,2025-12-25
,120238007264490092,paid,fb,2025-12-25
,120238007264490092,paid,fb,2025-12-25
,(direct),(none),(direct),2025-12-25
,BANCOLOMBIA_AT_EST_FB_PEF_CPA_CONVERSION_ADQUIRENCIA_EST_ACEPTACIONCOMERCIOS_MDO01080_MEDIATEAM,cpc,facebook,2025-12-25
,BANCOLOMBIA_AT_EST_FB_PEF_CPA_CONVERSION_LLAVES-COMERCIOS-QR_OIE6500001_001_MEDIA-TEAM_SOSTENIMIENTO,cpc,facebook,2025-12-25
,BANCOLOMBIA_AT_EST_FB_PEF_CPA_CONVERSION_LLAVES-COMERCIOS-QR_OIE6500001_001_MEDIA-TEAM_SOSTENIMIENTO,cpc,facebook,2025-12-25
,BANCOLOMBIA_AT_EST_FB_PEF_CPA_CONVERSION_ADQUIRENCIA_EST_ACEPTACIONCOMERCIOS_MDO01080_MEDIATEAM,cpc,facebook,2025-12-25
,BANCOLOMBIA_AT_EST_FB_PEF_CPA_CONVERSION_ADQUIRENCIA_EST_ACEPTACIONCOMERCIOS_MDO01080_MEDIATEAM,cpc,facebook,2025-12-25
,BANCOLOMBIA_AT_EST_FB_PEF_CPA_CONVERSION_ADQUIRENCIA_EST_ACEPTACIONCOMERCIOS_MDO01080_MEDIATEAM,cpc,facebook,2025-12-25
,BANCOLOMBIA_AT_EST_FB_PEF_CPA_CONVERSION_ADQUIRENCIA_EST_ACEPTACIONCOMERCIOS_MDO01080_MEDIATEAM,cpc,facebook,2025-12-25
,BANCOLOMBIA_AT_EST_FB_CONS_CPV_RVIDEO_ADQUIRENCIA_EST_ACEPTACIÓNCOMERCIOS_MDO01080_MEDIATEAM,cpc,facebook,2025-12-25
,BANCOLOMBIA_AT_EST_FB_PEF_CPA_CONVERSION_ADQUIRENCIA_EST_ACEPTACIONCOMERCIOS_MDO01080_MEDIATEAM,cpc,facebook,2025-12-25
,BANCOLOMBIA_AT_EST_FB_PEF_CPA_CONVERSION_ADQUIRENCIA_EST_ACEPTACIONCOMERCIOS_MDO01080_MEDIATEAM,cpc,facebook,2025-12-25
,BANCOLOMBIA_AT_EST_FB_PEF_CPA_CONVERSION_ADQUIRENCIA_EST_ACEPTACIONCOMERCIOS_MDO01080_MEDIATEAM,cpc,facebook,2025-12-25
,BANCOLOMBIA_AT_EST_FB_PEF_CPA_CONVERSION_ADQUIRENCIA_EST_ACEPTACIONCOMERCIOS_MDO01080_MEDIATEAM,cpc,facebook,2025-12-25
,BANCOLOMBIA_MCA_EST_FB_CONS_CPC_TRAFICO_NAVIDAD-2025_MECANICAUSO_NAVIDADMARCA_001_NEGOCIO,cpc,facebook,2025-12-25
,BANCOLOMBIA_AT_EST_FB_CONS_CPV_RVIDEO_ADQUIRENCIA_EST_ACEPTACIÓNCOMERCIOS_MDO01080_MEDIATEAM,cpc,facebook,2025-12-25
,BANCOLOMBIA_AT_EST_FB_CONS_CPV_RVIDEO_ADQUIRENCIA_EST_ACEPTACIÓNCOMERCIOS_MDO01080_MEDIATEAM,cpc,facebook,2025-12-25
,(direct),(none),(direct),2025-12-25
,(direct),(none),(direct),2025-12-25
,(direct),(none),(direct),2025-12-25
,BANCOLOMBIA_AT_EST_FB_PEF_CPA_CONVERSION_ADQUIRENCIA_EST_ACEPTACIONCOMERCIOS_MDO01080_MEDIATEAM,cpc,facebook,2025-12-25
,(direct),(none),(direct),2025-12-26
,BANCOLOMBIA_AT_EST_FB_PEF_CPA_CONVERSION_ADQUIRENCIA_EST_ACEPTACIONCOMERCIOS_MDO01080_MEDIATEAM,cpc,facebook,2025-12-26
,BANCOLOMBIA_PSN_EST_FB_CONS_CPC_TRAFICO_BOLSILLOS-DAVE_MDO00885_024_NEGOCIO,cpc,facebook,2025-12-26
,BANCOLOMBIA_VD_AON_FB_PEF_CPA_CONVERSION_VD_TDC-SOLICITUDES_MDO00885_023,cpc,facebook,2025-12-26
,BANCOLOMBIA_AT_EST_FB_PEF_CPA_CONVERSION_ADQUIRENCIA_EST_ACEPTACIONCOMERCIOS_MDO01080_MEDIATEAM,cpc,facebook,2025-12-26
,BANCOLOMBIA_AT_EST_FB_PEF_CPA_CONVERSION_ADQUIRENCIA_EST_ACEPTACIONCOMERCIOS_MDO01080_MEDIATEAM,cpc,facebook,2025-12-26
,BANCOLOMBIA_AT_EST_FB_PEF_CPA_CONVERSION_ADQUIRENCIA_EST_ACEPTACIONCOMERCIOS_MDO01080_MEDIATEAM,cpc,facebook,2025-12-26
,BANCOLOMBIA_AT_EST_FB_PEF_CPA_CONVERSION_ADQUIRENCIA_EST_ACEPTACIONCOMERCIOS_MDO01080_MEDIATEAM,cpc,facebook,2025-12-26
,BANCOLOMBIA_VD_AON_FB_PEF_CPA_CONVERSION_VD_TDC-SOLICITUDES_MDO00885_023,cpc,facebook,2025-12-26
121121092829000,(referral),referral,pse.todo1.com,2025-12-26
,BANCOLOMBIA_AT_EST_SEM-CT_PEF_CPA_CONVERSION_ADQUIRENCIA_EST_ACEPTACIONCOMERCIOS_MDO01080_MEDIATEAM,cpc,google,2025-12-26
201121070612000,(direct),(none),(direct),2025-12-26
,BANCOLOMBIA_AT_EST_SEM-PDB_PEF_CPA_CONVERSION_ADQUIRENCIA_EST_ACEPTACIONCOMERCIOS_MDO01080_MEDIATEAM,cpc,google,2025-12-26
,BANCOLOMBIA_AT_EST_FB_PEF_CPA_CONVERSION_ADQUIRENCIA_EST_ACEPTACIONCOMERCIOS_MDO01080_MEDIATEAM,cpc,facebook,2025-12-26
,(direct),(none),(direct),2025-12-26
,BANCOLOMBIA_AT_EST_FB_PEF_CPA_CONVERSION_LLAVES-COMERCIOS-QR_OIE6500001_001_MEDIA-TEAM_SOSTENIMIENTO,cpc,facebook,2025-12-26
,(direct),(none),(direct),2025-12-26
,BANCOLOMBIA_AT_EST_FB_PEF_CPA_CONVERSION_LLAVES-COMERCIOS-QR_OIE6500001_001_MEDIA-TEAM_SOSTENIMIENTO,cpc,facebook,2025-12-26
,BANCOLOMBIA_AT_EST_FB_PEF_CPA_CONVERSION_ADQUIRENCIA_EST_ACEPTACIONCOMERCIOS_MDO01080_MEDIATEAM,cpc,facebook,2025-12-26
,BANCOLOMBIA_AT_EST_FB_PEF_CPA_CONVERSION_ADQUIRENCIA_EST_ACEPTACIONCOMERCIOS_MDO01080_MEDIATEAM,cpc,facebook,2025-12-26
,(referral),referral,m.facebook.com,2025-12-27
,(direct),(none),(direct),2025-12-27
,BANCOLOMBIA_AT_EST_FB_PEF_CPA_CONVERSION_ADQUIRENCIA_EST_ACEPTACIONCOMERCIOS_MDO01080_MEDIATEAM,cpc,facebook,2025-12-27
,BANCOLOMBIA_AT_EST_GDG_PEF_CPA_CONVERSION_ADQUIRENCIA_EST_ACEPTACIONCOMERCIOS_MDO01080_MEDIATEAM,cpc,google,2025-12-27
,BANCOLOMBIA_AT_EST_GDG_PEF_CPA_CONVERSION_ADQUIRENCIA_EST_ACEPTACIONCOMERCIOS_MDO01080_MEDIATEAM,cpc,google,2025-12-27
,BANCOLOMBIA_AT_EST_FB_PEF_CPA_CONVERSION_ADQUIRENCIA_EST_ACEPTACIONCOMERCIOS_MDO01080_MEDIATEAM,cpc,facebook,2025-12-27
,BANCOLOMBIA_AT_EST_FB_PEF_CPA_CONVERSION_ADQUIRENCIA_EST_ACEPTACIONCOMERCIOS_MDO01080_MEDIATEAM,cpc,facebook,2025-12-27
,BANCOLOMBIA_AT_EST_GDG_PEF_CPA_CONVERSION_ADQUIRENCIA_EST_ACEPTACIONCOMERCIOS_MDO01080_MEDIATEAM,cpc,google,2025-12-27
,BANCOLOMBIA_AT_EST_FB_CONS_CPV_RVIDEO_ADQUIRENCIA_EST_ACEPTACIÓNCOMERCIOS_MDO01080_MEDIATEAM,cpc,facebook,2025-12-27
,BANCOLOMBIA_AT_EST_FB_PEF_CPA_CONVERSION_ADQUIRENCIA_EST_ACEPTACIONCOMERCIOS_MDO01080_MEDIATEAM,cpc,facebook,2025-12-27
,BANCOLOMBIA_AT_EST_GDG_PEF_CPA_CONVERSION_ADQUIRENCIA_EST_ACEPTACIONCOMERCIOS_MDO01080_MEDIATEAM,cpc,google,2025-12-27
,BANCOLOMBIA_AT_EST_FB_PEF_CPA_CONVERSION_ADQUIRENCIA_EST_ACEPTACIONCOMERCIOS_MDO01080_MEDIATEAM,cpc,facebook,2025-12-27
,BANCOLOMBIA_AT_EST_FB_PEF_CPA_CONVERSION_ADQUIRENCIA_EST_ACEPTACIONCOMERCIOS_MDO01080_MEDIATEAM,cpc,facebook,2025-12-27
,BANCOLOMBIA_AT_EST_FB_PEF_CPA_CONVERSION_ADQUIRENCIA_EST_ACEPTACIONCOMERCIOS_MDO01080_MEDIATEAM,cpc,facebook,2025-12-27
,BANCOLOMBIA_AT_EST_FB_PEF_CPA_CONVERSION_ADQUIRENCIA_EST_ACEPTACIONCOMERCIOS_MDO01080_MEDIATEAM,cpc,facebook,2025-12-27
,BANCOLOMBIA_AT_EST_FB_PEF_CPA_CONVERSION_ADQUIRENCIA_EST_ACEPTACIONCOMERCIOS_MDO01080_MEDIATEAM,cpc,facebook,2025-12-27
,BANCOLOMBIA_AT_EST_FB_PEF_CPA_CONVERSION_ADQUIRENCIA_EST_ACEPTACIONCOMERCIOS_MDO01080_MEDIATEAM,cpc,facebook,2025-12-27
,BANCOLOMBIA_AT_EST_FB_PEF_CPA_CONVERSION_ADQUIRENCIA_EST_ACEPTACIONCOMERCIOS_MDO01080_MEDIATEAM,cpc,facebook,2025-12-27
,BANCOLOMBIA_AT_EST_FB_PEF_CPA_CONVERSION_ADQUIRENCIA_EST_ACEPTACIONCOMERCIOS_MDO01080_MEDIATEAM,cpc,facebook,2025-12-27
,(organic),organic,google,2025-12-27
,(referral),referral,m.facebook.com,2025-12-27
,(direct),(none),(direct),2025-12-27
,BANCOLOMBIA_AT_EST_GDG_PEF_CPA_CONVERSION_ADQUIRENCIA_EST_ACEPTACIONCOMERCIOS_MDO01080_MEDIATEAM,cpc,google,2025-12-27
,BANCOLOMBIA_AT_EST_FB_PEF_CPA_CONVERSION_ADQUIRENCIA_EST_ACEPTACIONCOMERCIOS_MDO01080_MEDIATEAM,cpc,facebook,2025-12-27
,(direct),(none),(direct),2025-12-28
,BANCOLOMBIA_AT_EST_FB_PEF_CPA_CONVERSION_ADQUIRENCIA_EST_ACEPTACIONCOMERCIOS_MDO01080_MEDIATEAM,cpc,facebook,2025-12-28
,BANCOLOMBIA_AT_EST_SEM-PDB_PEF_CPA_CONVERSION_ADQUIRENCIA_EST_ACEPTACIONCOMERCIOS_MDO01080_MEDIATEAM,cpc,google,2025-12-28
220202120037001,Htaccess-9-personas,Redirect,Organic,2025-12-28
,BANCOLOMBIA_AT_EST_GDG_PEF_CPA_CONVERSION_ADQUIRENCIA_EST_ACEPTACIONCOMERCIOS_MDO01080_MEDIATEAM,cpc,google,2025-12-28
,BANCOLOMBIA_AT_EST_FB_PEF_CPA_CONVERSION_ADQUIRENCIA_EST_ACEPTACIONCOMERCIOS_MDO01080_MEDIATEAM,cpc,facebook,2025-12-28
,BANCOLOMBIA_AT_EST_GDG_PEF_CPA_CONVERSION_ADQUIRENCIA_EST_ACEPTACIONCOMERCIOS_MDO01080_MEDIATEAM,cpc,google,2025-12-28
,(direct),(none),(direct),2025-12-28
220202120037001,Htaccess-9-personas,Redirect,Organic,2025-12-28
,(direct),(none),(direct),2025-12-28
,BANCOLOMBIA_AT_EST_GDG_PEF_CPA_CONVERSION_ADQUIRENCIA_EST_ACEPTACIONCOMERCIOS_MDO01080_MEDIATEAM,cpc,google,2025-12-28
,BANCOLOMBIA_AT_EST_FB_PEF_CPA_CONVERSION_ADQUIRENCIA_EST_ACEPTACIONCOMERCIOS_MDO01080_MEDIATEAM,cpc,facebook,2025-12-28
,(direct),(none),(direct),2025-12-28
220202120037001,Htaccess-9-personas,Redirect,Organic,2025-12-28
,BANCOLOMBIA_AT_EST_FB_PEF_CPA_CONVERSION_ADQUIRENCIA_EST_ACEPTACIONCOMERCIOS_MDO01080_MEDIATEAM,cpc,facebook,2025-12-28
,BANCOLOMBIA_AT_EST_FB_PEF_CPA_CONVERSION_ADQUIRENCIA_EST_ACEPTACIONCOMERCIOS_MDO01080_MEDIATEAM,cpc,facebook,2025-12-28
,(direct),(none),(direct),2025-12-28
,BANCOLOMBIA_AT_EST_SEM-CT_PEF_CPA_CONVERSION_ADQUIRENCIA_EST_ACEPTACIONCOMERCIOS_MDO01080_MEDIATEAM,cpc,google,2025-12-28
,BANCOLOMBIA_AT_EST_FB_PEF_CPA_CONVERSION_ADQUIRENCIA_EST_ACEPTACIONCOMERCIOS_MDO01080_MEDIATEAM,cpc,facebook,2025-12-28
,BANCOLOMBIA_AT_EST_FB_PEF_CPA_CONVERSION_ADQUIRENCIA_EST_ACEPTACIONCOMERCIOS_MDO01080_MEDIATEAM,cpc,facebook,2025-12-28
,BANCOLOMBIA_AT_EST_FB_PEF_CPA_CONVERSION_ADQUIRENCIA_EST_ACEPTACIONCOMERCIOS_MDO01080_MEDIATEAM,cpc,facebook,2025-12-28
,(organic),organic,google,2025-12-28
,BANCOLOMBIA_AT_EST_FB_PEF_CPA_CONVERSION_ADQUIRENCIA_EST_ACEPTACIONCOMERCIOS_MDO01080_MEDIATEAM,cpc,facebook,2025-12-28
,BANCOLOMBIA_AT_EST_GDG_PEF_CPA_CONVERSION_ADQUIRENCIA_EST_ACEPTACIONCOMERCIOS_MDO01080_MEDIATEAM,cpc,google,2025-12-28
,(direct),(none),(direct),2025-12-28
,BANCOLOMBIA_MCA_AON_FB_CONS_CPC_TRAFICO_NAVIDAD-2025-DAVE_MDO00885_001_MEDIA-TEAM_TARJETAS,cpc,facebook,2025-12-28
,(organic),organic,google,2025-12-28
,BANCOLOMBIA_AT_EST_FB_PEF_CPA_CONVERSION_ADQUIRENCIA_EST_ACEPTACIONCOMERCIOS_MDO01080_MEDIATEAM,cpc,facebook,2025-12-28
,BANCOLOMBIA_AT_EST_FB_PEF_CPA_CONVERSION_ADQUIRENCIA_EST_ACEPTACIONCOMERCIOS_MDO01080_MEDIATEAM,cpc,facebook,2025-12-28
,BANCOLOMBIA_AT_EST_GDG_PEF_CPA_CONVERSION_ADQUIRENCIA_EST_ACEPTACIONCOMERCIOS_MDO01080_MEDIATEAM,cpc,google,2025-12-28
,(direct),(none),(direct),2025-12-28
,(organic),organic,google,2025-12-28
,BANCOLOMBIA_AT_EST_FB_PEF_CPA_CONVERSION_ADQUIRENCIA_EST_ACEPTACIONCOMERCIOS_MDO01080_MEDIATEAM,cpc,facebook,2025-12-28
,BANCOLOMBIA_MCA_AON_FB_CONS_CPC_TRAFICO_NAVIDAD-2025-DAVE_MDO00885_001_MEDIA-TEAM_TARJETAS,cpc,facebook,2025-12-28
,(direct),(none),(direct),2025-12-28
,BANCOLOMBIA_AT_EST_FB_PEF_CPA_CONVERSION_ADQUIRENCIA_EST_ACEPTACIONCOMERCIOS_MDO01080_MEDIATEAM,cpc,facebook,2025-12-28
,BANCOLOMBIA_AT_EST_FB_PEF_CPA_CONVERSION_ADQUIRENCIA_EST_ACEPTACIONCOMERCIOS_MDO01080_MEDIATEAM,cpc,facebook,2025-12-28
,BANCOLOMBIA_AT_EST_FB_PEF_CPA_CONVERSION_ADQUIRENCIA_EST_ACEPTACIONCOMERCIOS_MDO01080_MEDIATEAM,cpc,facebook,2025-12-28
,BANCOLOMBIA_AT_EST_SEM-CT_PEF_CPA_CONVERSION_ADQUIRENCIA_EST_ACEPTACIONCOMERCIOS_MDO01080_MEDIATEAM,cpc,google,2025-12-28
,BANCOLOMBIA_AT_EST_FB_PEF_CPA_CONVERSION_ADQUIRENCIA_EST_ACEPTACIONCOMERCIOS_MDO01080_MEDIATEAM,cpc,facebook,2025-12-28
,BANCOLOMBIA_AT_EST_FB_PEF_CPA_CONVERSION_ADQUIRENCIA_EST_ACEPTACIONCOMERCIOS_MDO01080_MEDIATEAM,cpc,facebook,2025-12-29
,BANCOLOMBIA_AT_EST_FB_PEF_CPA_CONVERSION_ADQUIRENCIA_EST_ACEPTACIONCOMERCIOS_MDO01080_MEDIATEAM,cpc,facebook,2025-12-29
110802100404009,(organic),organic,google,2025-12-29
,(organic),organic,google,2025-12-29
,BANCOLOMBIA_AT_EST_FB_PEF_CPA_CONVERSION_ADQUIRENCIA_EST_ACEPTACIONCOMERCIOS_MDO01080_MEDIATEAM,cpc,facebook,2025-12-29
,(direct),(none),(direct),2025-12-29
,BANCOLOMBIA_AT_EST_SEM-CT_PEF_CPA_CONVERSION_ADQUIRENCIA_EST_ACEPTACIONCOMERCIOS_MDO01080_MEDIATEAM,cpc,google,2025-12-29
,BANCOLOMBIA_AT_EST_FB_PEF_CPA_CONVERSION_ADQUIRENCIA_EST_ACEPTACIONCOMERCIOS_MDO01080_MEDIATEAM,cpc,facebook,2025-12-29
,(referral),referral,americanexpress.com,2025-12-29
,BANCOLOMBIA_AT_EST_FB_PEF_CPA_CONVERSION_ADQUIRENCIA_EST_ACEPTACIONCOMERCIOS_MDO01080_MEDIATEAM,cpc,facebook,2025-12-29
,EMAIL_PYMES_INDEPENDIENTES_ESTRATEGIA-5X-GENERALES_NOVIEMBRE,link,email,2025-12-29
,(direct),(none),(direct),2025-12-29
110802100404009,(organic),organic,google,2025-12-29
,botoncuentas,banner,app,2025-12-29
,BANCOLOMBIA_AT_EST_FB_PEF_CPA_CONVERSION_ADQUIRENCIA_EST_ACEPTACIONCOMERCIOS_MDO01080_MEDIATEAM,cpc,facebook,2025-12-29
,BANCOLOMBIA_AT_EST_SEM-CT_PEF_CPA_CONVERSION_ADQUIRENCIA_EST_ACEPTACIONCOMERCIOS_MDO01080_MEDIATEAM,cpc,google,2025-12-29
,BANCOLOMBIA_AT_EST_FB_PEF_CPA_CONVERSION_ADQUIRENCIA_EST_ACEPTACIONCOMERCIOS_MDO01080_MEDIATEAM,cpc,facebook,2025-12-29
,(direct),(none),(direct),2025-12-29
,BANCOLOMBIA_AT_EST_FB_PEF_CPA_CONVERSION_ADQUIRENCIA_EST_ACEPTACIONCOMERCIOS_MDO01080_MEDIATEAM,cpc,facebook,2025-12-29
,(direct),(none),(direct),2025-12-29
,(direct),(none),(direct),2025-12-29
,BANCOLOMBIA_AT_EST_FB_PEF_CPA_CONVERSION_LLAVES-COMERCIOS-QR_OIE6500001_001_MEDIA-TEAM_SOSTENIMIENTO,cpc,facebook,2025-12-29
,BANCOLOMBIA_AT_EST_FB_PEF_CPA_CONVERSION_ADQUIRENCIA_EST_ACEPTACIONCOMERCIOS_MDO01080_MEDIATEAM,cpc,facebook,2025-12-29
,BANCOLOMBIA_AT_EST_FB_PEF_CPA_CONVERSION_ADQUIRENCIA_EST_ACEPTACIONCOMERCIOS_MDO01080_MEDIATEAM,cpc,facebook,2025-12-29
,BANCOLOMBIA_AT_EST_FB_PEF_CPA_CONVERSION_ADQUIRENCIA_EST_ACEPTACIONCOMERCIOS_MDO01080_MEDIATEAM,cpc,facebook,2025-12-29
,BANCOLOMBIA_AT_EST_FB_PEF_CPA_CONVERSION_ADQUIRENCIA_EST_ACEPTACIONCOMERCIOS_MDO01080_MEDIATEAM,cpc,facebook,2025-12-29
110802100404009,(organic),organic,google,2025-12-29
,(direct),(none),(direct),2025-12-29
,botoncuentas,banner,app,2025-12-29
,(direct),(none),(direct),2025-12-29
,BANCOLOMBIA_AT_EST_FB_PEF_CPA_CONVERSION_ADQUIRENCIA_EST_ACEPTACIONCOMERCIOS_MDO01080_MEDIATEAM,cpc,facebook,2025-12-29
,BANCOLOMBIA_AT_EST_FB_PEF_CPA_CONVERSION_ADQUIRENCIA_EST_ACEPTACIONCOMERCIOS_MDO01080_MEDIATEAM,cpc,facebook,2025-12-29
,BANCOLOMBIA_AT_EST_FB_PEF_CPA_CONVERSION_ADQUIRENCIA_EST_ACEPTACIONCOMERCIOS_MDO01080_MEDIATEAM,cpc,facebook,2025-12-30
,(direct),(none),(direct),2025-12-30
,(direct),(none),(direct),2025-12-30
,(direct),(none),(direct),2025-12-30
,BANCOLOMBIA_AT_EST_FB_PEF_CPA_CONVERSION_ADQUIRENCIA_EST_ACEPTACIONCOMERCIOS_MDO01080_MEDIATEAM,cpc,facebook,2025-12-30
,BANCOLOMBIA_AT_EST_FB_PEF_CPA_CONVERSION_ADQUIRENCIA_EST_ACEPTACIONCOMERCIOS_MDO01080_MEDIATEAM,cpc,facebook,2025-12-30
,BANCOLOMBIA_AT_EST_FB_PEF_CPA_CONVERSION_ADQUIRENCIA_EST_ACEPTACIONCOMERCIOS_MDO01080_MEDIATEAM,cpc,facebook,2025-12-30
,,linkutm_campaign=always-on-personas-ayuda-ayuda-contactanos-hablemos,app-bancolombia,2025-12-30
,BANCOLOMBIA_AT_EST_FB_PEF_CPA_CONVERSION_ADQUIRENCIA_EST_ACEPTACIONCOMERCIOS_MDO01080_MEDIATEAM,cpc,facebook,2025-12-30
,BANCOLOMBIA_AT_EST_FB_PEF_CPA_CONVERSION_ADQUIRENCIA_EST_ACEPTACIONCOMERCIOS_MDO01080_MEDIATEAM,cpc,facebook,2025-12-30
,BANCOLOMBIA_AT_EST_FB_PEF_CPA_CONVERSION_ADQUIRENCIA_EST_ACEPTACIONCOMERCIOS_MDO01080_MEDIATEAM,cpc,facebook,2025-12-30
,(direct),(none),(direct),2025-12-30
,(direct),(none),(direct),2025-12-30
,(direct),(none),(direct),2025-12-30
,(direct),(none),(direct),2025-12-30
,(direct),(none),(direct),2025-12-30
,(direct),(none),(direct),2025-12-30
,(direct),(none),(direct),2025-12-30
,BANCOLOMBIA_AT_EST_FB_PEF_CPA_CONVERSION_ADQUIRENCIA_EST_ACEPTACIONCOMERCIOS_MDO01080_MEDIATEAM,cpc,facebook,2025-12-30
,BANCOLOMBIA_PSN_EST_FB_CONS_CPC_TRAFICO_BOLSILLOS-DAVE_MDO00885_024_NEGOCIO,cpc,facebook,2025-12-30
,BANCOLOMBIA_AT_EST_FB_PEF_CPA_CONVERSION_ADQUIRENCIA_EST_ACEPTACIONCOMERCIOS_MDO01080_MEDIATEAM,cpc,facebook,2025-12-30
,BANCOLOMBIA_AT_EST_FB_PEF_CPA_CONVERSION_ADQUIRENCIA_EST_ACEPTACIONCOMERCIOS_MDO01080_MEDIATEAM,cpc,facebook,2025-12-30
140606083427000,(direct),(none),(direct),2025-12-31
,BANCOLOMBIA_VD_AON_FB_AWN_CPM_ALCANCE_LI-PREAPROBADOS_MDO00856_013_VENTAS-DIGITALES,cpc,facebook,2025-12-31
,(referral),referral,m.facebook.com,2025-12-31
,(cross-network),Data Not Available,Data Not Available,2025-12-31
,BANCOLOMBIA_AT_EST_FB_PEF_CPA_CONVERSION_ADQUIRENCIA_EST_ACEPTACIONCOMERCIOS_MDO01080_MEDIATEAM,cpc,facebook,2025-12-31
,BANCOLOMBIA_AT_EST_FB_PEF_CPA_CONVERSION_ADQUIRENCIA_EST_ACEPTACIONCOMERCIOS_MDO01080_MEDIATEAM,cpc,facebook,2025-12-31
,(direct),(none),(direct),2025-12-31
,BANCOLOMBIA_AT_EST_FB_PEF_CPA_CONVERSION_ADQUIRENCIA_EST_ACEPTACIONCOMERCIOS_MDO01080_MEDIATEAM,cpc,facebook,2025-12-31
,BANCOLOMBIA_AT_EST_FB_PEF_CPA_CONVERSION_ADQUIRENCIA_EST_ACEPTACIONCOMERCIOS_MDO01080_MEDIATEAM,cpc,facebook,2025-12-31
,BANCOLOMBIA_AT_EST_FB_PEF_CPA_CONVERSION_ADQUIRENCIA_EST_ACEPTACIONCOMERCIOS_MDO01080_MEDIATEAM,cpc,facebook,2025-12-31
,(direct),(none),(direct),2025-12-31
,BANCOLOMBIA_AT_EST_FB_PEF_CPA_CONVERSION_ADQUIRENCIA_EST_ACEPTACIONCOMERCIOS_MDO01080_MEDIATEAM,cpc,facebook,2025-12-31
,(direct),(none),(direct),2025-12-31
,BANCOLOMBIA_AT_EST_FB_PEF_CPA_CONVERSION_ADQUIRENCIA_EST_ACEPTACIONCOMERCIOS_MDO01080_MEDIATEAM,cpc,facebook,2025-12-31
,(direct),(none),(direct),2025-12-31
140606083427000,(direct),(none),(direct),2025-12-31
,BANCOLOMBIA_AT_EST_FB_CONS_CPV_RVIDEO_ADQUIRENCIA_EST_ACEPTACIÓNCOMERCIOS_MDO01080_MEDIATEAM,cpc,facebook,2025-12-31
,(referral),referral,m.facebook.com,2025-12-31
,(organic),organic,google,2025-12-31
,(referral),referral,m.facebook.com,2025-12-31
,always-on-personas-tarjeta-de-credito-pantalla-tramites-solicitudes,link,app-bancolombia,2026-01-03
121005213040003,BANCOLOMBIA_AT_EST_GDN_CONS_CPC_TRAFICO_LLAVES-COMERCIOS-QR_OIE6500001_001_MEDIA-TEAM,cpc,google,2026-01-05
,(direct),(none),(direct),2026-01-06
,(direct),(none),(direct),2026-01-06
,(direct),(none),(direct),2026-01-06
,BANCOLOMBIA_VD_AON_SEM-CT_PEF_CPA_CONVERSION_TDC-SOLICITUDES_MDO00855_013_VENTAS-DIGITALES,cpc,google,2026-01-06
,Htaccess-9-personas,Redirect,Organic,2026-01-06
,always-on-personas-cuentas-pricing-cambiar-plan,link,app-bancolombia,2026-01-06
,BANCOLOMBIA_VD_AON_SEM-CT_PEF_CPA_CONVERSION_TDC-SOLICITUDES_MDO00855_013_VENTAS-DIGITALES,cpc,google,2026-01-06
,(direct),(none),(direct),2026-01-06
,EMAIL_PYMES_INDEPENDIENTES_GENERALES_ENERO,link,email,2026-01-07
,(organic),organic,google,2026-01-07
,(direct),(none),(direct),2026-01-07
230109145625000,(organic),organic,google,2026-01-07
,(organic),organic,google,2026-01-07
61022091643006,(direct),(none),(direct),2026-01-07
,(direct),(none),(direct),2026-01-07
,(organic),organic,google,2026-01-07
,(direct),(none),(direct),2026-01-07
110531101356000,EMAIL_PYMES_INDEPENDIENTES_GENERALES_ENERO,link,email,2026-01-07
,(organic),organic,google,2026-01-07
230109145625000,(organic),organic,google,2026-01-07
,(organic),organic,google,2026-01-07
,(organic),organic,google,2026-01-07
,EMAIL_PYMES_INDEPENDIENTES_GENERALES_ENERO,link,email,2026-01-07
50111085139000,(direct),(none),(direct),2026-01-07
,(organic),organic,google,2026-01-07
,EMAIL_PYMES_INDEPENDIENTES_GENERALES_ENERO,link,email,2026-01-07
,(direct),(none),(direct),2026-01-07
,(direct),(none),(direct),2026-01-07
,(direct),(none),(direct),2026-01-08
,EMAIL_PYMES_INDEPENDIENTES_GENERALES_ENERO,link,email,2026-01-08
,(direct),(none),(direct),2026-01-08
,EMAIL_PYMES_INDEPENDIENTES_GENERALES_ENERO,link,email,2026-01-08
,20250402_mail_emision_td_negocios_st_tips_de_seguridad_cta,email,crm,2026-01-08
90331123812000,(direct),(none),(direct),2026-01-08
,(direct),(none),(direct),2026-01-08
,EMAIL_PYMES_INDEPENDIENTES_GENERALES_ENERO,link,email,2026-01-08
,EMAIL_PYMES_INDEPENDIENTES_GENERALES_ENERO,link,email,2026-01-08
,(direct),(none),(direct),2026-01-08
,(direct),(none),(direct),2026-01-08
,(referral),referral,co.search.yahoo.com,2026-01-09
,EMAIL_PYMES_INDEPENDIENTES_GENERALES_ENERO,link,email,2026-01-09
,(direct),(none),(direct),2026-01-09
,pymes-comercios-uso,wtrack,email,2026-01-09
,(organic),organic,google,2026-01-09
,(direct),(none),(direct),2026-01-09
,(referral),referral,co.search.yahoo.com,2026-01-09
,(direct),(none),(direct),2026-01-09
,(direct),(none),(direct),2026-01-09
,pymes-comercios-uso,wtrack,email,2026-01-09
,20250401_mail_emision_td_negocios_s3_master_coverage_cta,email,crm,2026-01-09
,(direct),(none),(direct),2026-01-09
,EMAIL_PYMES_INDEPENDIENTES_GENERALES_ENERO,link,email,2026-01-09
,BANCOLOMBIA_AT_EST_GDG_PEF_CPA_CONVERSION_ADQUIRENCIA_EST_ACEPTACIONCOMERCIOS_MDO01080_MEDIATEAM,cpc,google,2026-01-10
,(referral),referral,es.digifinancas.com,2026-01-10
,EMAIL_PYMES_INDEPENDIENTES_GENERALES_ENERO,link,email,2026-01-10
,(direct),(none),(direct),2026-01-10
,(direct),(none),(direct),2026-01-10
,(direct),(none),(direct),2026-01-10
,(direct),(none),(direct),2026-01-10
,(direct),(none),(direct),2026-01-10
,(referral),referral,es.digifinancas.com,2026-01-10
,(referral),referral,es.digifinancas.com,2026-01-10
61022092017839,(direct),(none),(direct),2026-01-10
,BANCOLOMBIA_AT_EST_GDG_PEF_CPA_CONVERSION_ADQUIRENCIA_EST_ACEPTACIONCOMERCIOS_MDO01080_MEDIATEAM,cpc,google,2026-01-10
,EMAIL_PYMES_INDEPENDIENTES_GENERALES_ENERO,link,email,2026-01-10
,EMAIL_PYMES_INDEPENDIENTES_GENERALES_ENERO,link,email,2026-01-10
,(direct),(none),(direct),2026-01-10
,BANCOLOMBIA_AT_EST_GDG_PEF_CPA_CONVERSION_ADQUIRENCIA_EST_ACEPTACIONCOMERCIOS_MDO01080_MEDIATEAM,cpc,google,2026-01-10
61022092017839,(direct),(none),(direct),2026-01-10
,EMAIL_PYMES_INDEPENDIENTES_BENEFICIOSGENERALES_DICIEMBRE,link,email,2026-01-10
,EMAIL_PYMES_INDEPENDIENTES_BENEFICIOSGENERALES_DICIEMBRE,link,email,2026-01-10
,(direct),(none),(direct),2026-01-10
,(direct),(none),(direct),2026-01-10
200716211519000,(direct),(none),(direct),2026-01-10
,EMAIL_PYMES_INDEPENDIENTES_GENERALES_ENERO,link,email,2026-01-11
,EMAIL_PYMES_INDEPENDIENTES_GENERALES_ENERO,link,email,2026-01-11
,(direct),(none),(direct),2026-01-11
,(direct),(none),(direct),2026-01-11
,(direct),(none),(direct),2026-01-11
,(referral),referral,es.digifinancas.com,2026-01-12
,(organic),organic,google,2026-01-12
,(direct),(none),(direct),2026-01-12
,viajes,Banner,Medios propios,2026-01-12
,(direct),(none),(direct),2026-01-12
,viajes,Banner,Medios propios,2026-01-12
61022101358574,BANCOLOMBIA_VD_AON_SEM-PDB_PEF_CPA_CONVERSION_TDC-SOLICITUDES_MDO00855_BBDD_009_VENTAS-DIGITALES,cpc,google,2026-01-12
,(direct),(none),(direct),2026-01-12
,viajes,Banner,Medios propios,2026-01-12
,viajes,Banner,Medios propios,2026-01-12
,viajes,Banner,Medios propios,2026-01-12
,viajes,Banner,Medios propios,2026-01-12
,(organic),organic,google,2026-01-12
,viajes,Banner,Medios propios,2026-01-12
,viajes,Banner,Medios propios,2026-01-12
61022101358574,BANCOLOMBIA_VD_AON_SEM-PDB_PEF_CPA_CONVERSION_TDC-SOLICITUDES_MDO00855_BBDD_009_VENTAS-DIGITALES,cpc,google,2026-01-12
,(direct),(none),(direct),2026-01-12
,(direct),(none),(direct),2026-01-12
,viajes,Banner,Medios propios,2026-01-12
,(direct),(none),(direct),2026-01-12
,(direct),(none),(direct),2026-01-12
,(direct),(none),(direct),2026-01-12
,(direct),(none),(direct),2026-01-12
,personas-llaves-qr,wtrack,email,2026-01-13
191003143201000,EMAIL_MECANICA_ENERO,link,email,2026-01-13
,always-on-personas-ajustes-proteccion-datos-personales,boton,app-bancolombia,2026-01-13
,(direct),(none),(direct),2026-01-13
,EMAIL_PYMES_INDEPENDIENTES_GENERALES_ENERO,link,email,2026-01-13
,EMAIL_PYMES_INDEPENDIENTES_GENERALES_ENERO,link,email,2026-01-13
170719102213000,BANCOLOMBIA_VD_AON_GDG_PEF_CPA_CONVERSION_TDC-PREAPROBADOS_MDO00855_013_VENTAS-DIGITALES,cpc,google,2026-01-13
,EMAIL_PYMES_INDEPENDIENTES_GENERALES_ENERO,link,email,2026-01-13
,(direct),(none),(direct),2026-01-13
,EMAIL_MECANICA_ENERO,link,email,2026-01-13
,(direct),(none),(direct),2026-01-13
,(direct),(none),(direct),2026-01-13
,(direct),(none),(direct),2026-01-13
,EMAIL_PYMES_INDEPENDIENTES_GENERALES_ENERO,link,email,2026-01-14
,EMAIL_PYMES_INDEPENDIENTES_GENERALES_ENERO,link,email,2026-01-14
,EMAIL_PYMES_INDEPENDIENTES_GENERALES_ENERO,link,email,2026-01-14
,(direct),(none),(direct),2026-01-14
,(direct),(none),(direct),2026-01-14
,EMAIL_PYMES_INDEPENDIENTES_GENERALES_ENERO,link,email,2026-01-14
,(direct),(none),(direct),2026-01-14
,EMAIL_MECANICA_MAIL1_INDEPENDIENTES_MECANICA_MAIL1_OCTUBRE,link,email,2026-01-14
,(organic),organic,google,2026-01-14
,(direct),(none),(direct),2026-01-14
,(direct),(none),(direct),2026-01-14
111123113432000,(direct),(none),(direct),2026-01-14
,(direct),(none),(direct),2026-01-14
,(organic),organic,google,2026-01-14
,EMAIL_MECANICA_ENERO,link,email,2026-01-14
,EMAIL_PYMES_INDEPENDIENTES_GENERALES_ENERO,link,email,2026-01-14
,(organic),organic,google,2026-01-14
,(direct),(none),(direct),2026-01-14
,(direct),(none),(direct),2026-01-14
,EMAIL_PYMES_INDEPENDIENTES_GENERALES_ENERO,link,email,2026-01-14
80722115922000,(direct),(none),(direct),2026-01-14
,EMAIL_PYMES_INDEPENDIENTES_GENERALES_ENERO,link,email,2026-01-14
,EMAIL_PYMES_INDEPENDIENTES_GENERALES_ENERO,link,email,2026-01-14
61022111827431,(direct),(none),(direct),2026-01-14
,(direct),(none),(direct),2026-01-14
,EMAIL_PYMES_INDEPENDIENTES_GENERALES_ENERO,link,email,2026-01-14
161202140803000,(referral),referral,leasing.grupobancolombia.com,2026-01-14
,(organic),organic,google,2026-01-14
,SVP,Boton,App,2026-01-15
,(direct),(none),(direct),2026-01-15
61022091643006,(organic),organic,google,2026-01-15
,BANCOLOMBIA_VD_AON_SEM-PDB_PEF_CPA_CONVERSION_TDC-SOLICITUDES_MDO00855_013_VENTAS-DIGITALES,cpc,google,2026-01-15
,(direct),(none),(direct),2026-01-15
,(direct),(none),(direct),2026-01-15
,BANCOLOMBIA_AT_EST_GDG_PEF_CPA_CONVERSION_ADQUIRENCIA_EST_ACEPTACIONCOMERCIOS_MDO01080_MEDIATEAM,cpc,google,2026-01-15
,SVP,Boton,App,2026-01-15
210202203037000,BANCOLOMBIA_VD_AON_GPMAX_PEF_CPA_CONVERSION_CUENTAS-DE-AHORRO_MDO00862_013_VENTAS-DIGITALES,cpc,google,2026-01-15
,(direct),(none),(direct),2026-01-15
,BANCOLOMBIA_AT_EST_GDG_PEF_CPA_CONVERSION_ADQUIRENCIA_EST_ACEPTACIONCOMERCIOS_MDO01080_MEDIATEAM,cpc,google,2026-01-15
,(direct),(none),(direct),2026-01-15
,SVP,Boton,App,2026-01-15
,(direct),(none),(direct),2026-01-15
,EMAIL_PYMES_INDEPENDIENTES_GENERALES_ENERO,link,email,2026-01-15
,SVP,Boton,App,2026-01-15
,(direct),(none),(direct),2026-01-15
,BANCOLOMBIA_AT_EST_GDG_PEF_CPA_CONVERSION_ADQUIRENCIA_EST_ACEPTACIONCOMERCIOS_MDO01080_MEDIATEAM,cpc,google,2026-01-15
,BANCOLOMBIA_VD_AON_SEM-PDB_PEF_CPA_CONVERSION_TDC-SOLICITUDES_MDO00855_013_VENTAS-DIGITALES,cpc,google,2026-01-15
61022091643006,(organic),organic,google,2026-01-15
,BANCOLOMBIA_AT_EST_GDG_PEF_CPA_CONVERSION_ADQUIRENCIA_EST_ACEPTACIONCOMERCIOS_MDO01080_MEDIATEAM,cpc,google,2026-01-15
,(direct),(none),(direct),2026-01-15
,(direct),(none),(direct),2026-01-15
,(direct),(none),(direct),2026-01-15
,BANCOLOMBIA_AT_EST_GDG_PEF_CPA_CONVERSION_ADQUIRENCIA_EST_ACEPTACIONCOMERCIOS_MDO01080_MEDIATEAM,cpc,google,2026-01-15
,(direct),(none),(direct),2026-01-16
,EMAIL_PYMES_INDEPENDIENTES_GENERALES_ENERO,link,email,2026-01-16
980628191049005,(referral),referral,pse.todo1.com,2026-01-16
,(direct),(none),(direct),2026-01-16
980628191049005,(referral),referral,pse.todo1.com,2026-01-16
,(direct),(none),(direct),2026-01-16
,(direct),(none),(direct),2026-01-16
,EMAIL_PYMES_INDEPENDIENTES_GENERALES_ENERO,link,email,2026-01-16
,(direct),(none),(direct),2026-01-16
,(organic),organic,google,2026-01-16
,(direct),(none),(direct),2026-01-16
,(direct),(none),(direct),2026-01-16
,(direct),(none),(direct),2026-01-16
980628191049005,(referral),referral,pse.todo1.com,2026-01-16
,(direct),(none),(direct),2026-01-16
,(direct),(none),(direct),2026-01-16
,(direct),(none),(direct),2026-01-16
,EMAIL_PYMES_INDEPENDIENTES_GENERALES_ENERO,link,email,2026-01-16
,(direct),(none),(direct),2026-01-16
980628191049005,(referral),referral,pse.todo1.com,2026-01-17
,(direct),(none),(direct),2026-01-17
,(direct),(none),(direct),2026-01-18
,(direct),(none),(direct),2026-01-18
240710104237000,(direct),(none),(direct),2026-01-18
,EMAIL_MECANICA_ENERO,link,email,2026-01-18
240710104237000,(direct),(none),(direct),2026-01-18
,(organic),organic,bing,2026-01-18
,(direct),(none),(direct),2026-01-18
,Htaccess-9-personas,Redirect,Organic,2026-01-18
,(direct),(none),(direct),2026-01-18
,Htaccess-9-personas,Redirect,Organic,2026-01-18
,(direct),(none),(direct),2026-01-18
,Htaccess-9-personas,Redirect,Organic,2026-01-18
,(direct),(none),(direct),2026-01-18
f96c1ec0-e62d-4236-9eac-3307b63bc4fa,always-on-personas-ayuda-conoce-tus-productos,,app-bancolombia,2026-01-19
,(direct),(none),(direct),2026-01-19
,(direct),(none),(direct),2026-01-19
,(direct),(none),(direct),2026-01-19
,EMAIL_PYMES_INDEPENDIENTES_GENERALES_ENERO,link,email,2026-01-19
,(direct),(none),(direct),2026-01-19
,lospicados,redes,lospicados,2026-01-19
,(direct),(none),(direct),2026-01-20
,EMAIL_MECANICA_MAIL1_INDEPENDIENTES_MECANICA_MAIL1_OCTUBRE,link,email,2026-01-20
,(organic),organic,google,2026-01-20
,(direct),(none),(direct),2026-01-20
210312160403001,NavidadPagos,card,app,2026-01-20
210312160403001,NavidadPagos,card,app,2026-01-20
,BANCOLOMBIA_PSN_AON_SEM_CONS_CPC_TRAFICO_PAGOS_APPLEPAY_CT_MDO00885_003,cpc,google,2026-01-20
140702150032000,(direct),(none),(direct),2026-01-20
201126140817000,(direct),(none),(direct),2026-01-20
,EMAIL_MECANICA_MAIL1_INDEPENDIENTES_MECANICA_MAIL1_OCTUBRE,link,email,2026-01-20
230315120311000,(organic),organic,google,2026-01-20
,BANCOLOMBIA_PSN_AON_SEM_CONS_CPC_TRAFICO_PAGOS_APPLEPAY_CT_MDO00885_003,cpc,google,2026-01-20
210312160403001,NavidadPagos,card,app,2026-01-20
210312160403001,NavidadPagos,card,app,2026-01-20
,(direct),(none),(direct),2026-01-21
,EMAIL_PYMES_INDEPENDIENTES_GENERALES_ENERO,link,email,2026-01-21
120524145342000,Htaccess-9-personas,Redirect,Organic,2026-01-21
,BANCOLOMBIA_PSN_EST_SEM_CONS_CPC_TRAFICO_MIGRACION_OIC5400002_011_NEGOCIO,cpc,google,2026-01-21
,(direct),(none),(direct),2026-01-21
,(referral),referral,youtube.com,2026-01-21
,(organic),organic,google,2026-01-21
,EMAIL_PYMES_INDEPENDIENTES_GENERALES_ENERO,link,email,2026-01-21
210615161209000,(direct),(none),(direct),2026-01-21
,(organic),organic,google,2026-01-21
,(organic),organic,google,2026-01-21
,(organic),organic,google,2026-01-21
,(organic),organic,google,2026-01-21
,(direct),(none),(direct),2026-01-21
61022114008962,(direct),(none),(direct),2026-01-21
170509092901002,(direct),(none),(direct),2026-01-21
,(direct),(none),(direct),2026-01-21
,(organic),organic,google,2026-01-21
,(direct),(none),(direct),2026-01-21
,(direct),(none),(direct),2026-01-21
110127131547000,EMAIL_PYMES_INDEPENDIENTES_GENERALES_ENERO,link,email,2026-01-21
,(direct),(none),(direct),2026-01-21
61022112422988,(direct),(none),(direct),2026-01-21
,(direct),(none),(direct),2026-01-21
,(direct),(none),(direct),2026-01-21
,(direct),(none),(direct),2026-01-21
10409113241000,botontdc,banner,app,2026-01-21
120524145342000,Htaccess-9-personas,Redirect,Organic,2026-01-21
,(direct),(none),(direct),2026-01-21
,(direct),(none),(direct),2026-01-21
,BANCOLOMBIA_PSN_EST_SEM_CONS_CPC_TRAFICO_MIGRACION_OIC5400002_011_NEGOCIO,cpc,google,2026-01-21
,(direct),(none),(direct),2026-01-21
170509092901002,(direct),(none),(direct),2026-01-21
60126101205000,(direct),(none),(direct),2026-01-21
,BANCOLOMBIA_AT_EST_GDN_CONS_CPC_TRAFICO_RECOMPENSAS-COMERCIOS-QR_OIE6500001_001_MEDIA-TEAM,cpc,google,2026-01-21
,(organic),organic,google,2026-01-21
,(direct),(none),(direct),2026-01-21
,migracionapp,card,app,2026-01-21
,(direct),(none),(direct),2026-01-22
,(direct),(none),(direct),2026-01-22
,(organic),organic,google,2026-01-22
,(direct),(none),(direct),2026-01-22
,(direct),(none),(direct),2026-01-22
,,App,MiB,2026-01-22
,(direct),(none),(direct),2026-01-22
,EMAIL_PYMES_INDEPENDIENTES_GENERALES_ENERO,link,email,2026-01-22
,(direct),(none),(direct),2026-01-22
,(direct),(none),(direct),2026-01-22
,,App,MiB,2026-01-22
,(direct),(none),(direct),2026-01-22
,(direct),(none),(direct),2026-01-22
,EMAIL_PYMES_INDEPENDIENTES_GENERALES_ENERO,link,email,2026-01-22
180117144839000,(organic),organic,google,2026-01-22
,,App,MiB,2026-01-22
,(direct),(none),(direct),2026-01-22
,(direct),(none),(direct),2026-01-22
,(referral),referral,pse.todo1.com,2026-01-22
,,App,MiB,2026-01-22
,EMAIL_PYMES_INDEPENDIENTES_GENERALES_ENERO,link,email,2026-01-22
90506093745000,EMAIL_MECANICA_MAIL1_INDEPENDIENTES_MECANICA_MAIL1_OCTUBRE,link,email,2026-01-22
,(direct),(none),(direct),2026-01-22
,,App,MiB,2026-01-22
,,App,MiB,2026-01-22
,(direct),(none),(direct),2026-01-22
,,App,MiB,2026-01-22
,(direct),(none),(direct),2026-01-22
,(direct),(none),(direct),2026-01-22
,migracion_app,wtrack,email,2026-01-22
,(direct),(none),(direct),2026-01-22
,(direct),(none),(direct),2026-01-22
,(direct),(none),(direct),2026-01-22
,(direct),(none),(direct),2026-01-22
,,App,MiB,2026-01-22
,(direct),(none),(direct),2026-01-22
180117144839000,(organic),organic,google,2026-01-22
,EMAIL_PYMES_INDEPENDIENTES_GENERALES_ENERO,link,email,2026-01-22
,(direct),(none),(direct),2026-01-22
,,App,MiB,2026-01-22
,,App,MiB,2026-01-22
,,App,MiB,2026-01-22
180117144839000,(organic),organic,google,2026-01-22
906110737000,(direct),(none),(direct),2026-01-22
,(organic),organic,google,2026-01-22
,(direct),(none),(direct),2026-01-22
,(direct),(none),(direct),2026-01-22
,(direct),(none),(direct),2026-01-22
,(direct),(none),(direct),2026-01-23
980629071746019,(organic),organic,google,2026-01-23
,(organic),organic,bing,2026-01-23
980629071746019,(organic),organic,google,2026-01-23
,BANCOLOMBIA_VD_AON_SEM-PDB_PEF_CPA_CONVERSION_TDC-SOLICITUDES_MDO00855_013_VENTAS-DIGITALES,cpc,google,2026-01-23
,(direct),(none),(direct),2026-01-23
,BANCOLOMBIA_AT_CONS_LLAVES-COMERCIOS-QR-EDU_001,cpm,Android (musicplayer.musicapps.music.mp3player),2026-01-23
,(referral),referral,utua.com.br,2026-01-23
980629071746019,(organic),organic,google,2026-01-23
,(direct),(none),(direct),2026-01-23
,(referral),referral,utua.com.br,2026-01-23
,(direct),(none),(direct),2026-01-23
220706133158000,,App,MiB,2026-01-23
,(direct),(none),(direct),2026-01-23
,(direct),(none),(direct),2026-01-23
,(direct),(none),(direct),2026-01-23
,(direct),(none),(direct),2026-01-23
,(direct),(none),(direct),2026-01-23
,(direct),(none),(direct),2026-01-23
,(referral),referral,utua.com.br,2026-01-23
,BANCOLOMBIA_VD_AON_SEM-PDB_PEF_CPA_CONVERSION_TDC-SOLICITUDES_MDO00855_013_VENTAS-DIGITALES,cpc,google,2026-01-23
,(direct),(none),(direct),2026-01-23
220706133158000,,App,MiB,2026-01-23
,(direct),(none),(direct),2026-01-23
980629071746019,(organic),organic,google,2026-01-23
,(direct),(none),(direct),2026-01-23
980629071746019,(organic),organic,google,2026-01-23
220706133158000,,App,MiB,2026-01-23
,(direct),(none),(direct),2026-01-23
980629071746019,(organic),organic,google,2026-01-23
980629071746019,(organic),organic,google,2026-01-23
980629071746019,(organic),organic,google,2026-01-23
,BANCOLOMBIA_AT_CONS_LLAVES-COMERCIOS-QR-EDU_001,cpm,Android (musicplayer.musicapps.music.mp3player),2026-01-23
,EMAIL_PYMES_INDEPENDIENTES_GENERALES_ENERO,link,email,2026-01-23
,(direct),(none),(direct),2026-01-23
,(direct),(none),(direct),2026-01-24
,(direct),(none),(direct),2026-01-24
,(direct),(none),(direct),2026-01-24
,BANCOLOMBIA_VD_AON_SEM-PDB_PEF_CPA_CONVERSION_CUENTAS-DE-AHORRO_MDO00862_BOGOTA_005_VENTAS-DIGITALES,cpc,google,2026-01-24
,(direct),(none),(direct),2026-01-24
,(direct),(none),(direct),2026-01-24
,(direct),(none),(direct),2026-01-24
,(direct),(none),(direct),2026-01-24
,BANCOLOMBIA_VD_AON_SEM-PDB_PEF_CPA_CONVERSION_CUENTAS-DE-AHORRO_MDO00862_BOGOTA_005_VENTAS-DIGITALES,cpc,google,2026-01-24
,(direct),(none),(direct),2026-01-25
190827203845000,(direct),(none),(direct),2026-01-25
190827203845000,(direct),(none),(direct),2026-01-25
,(direct),(none),(direct),2026-01-25
,(direct),(none),(direct),2026-01-25
,(organic),organic,google,2026-01-25
,(direct),(none),(direct),2026-01-25
,(direct),(none),(direct),2026-01-25
,(direct),(none),(direct),2026-01-25
,(direct),(none),(direct),2026-01-25
,(direct),(none),(direct),2026-01-26
,(organic),organic,google,2026-01-26
,(organic),organic,google,2026-01-26
,(organic),organic,google,2026-01-26
70214153755000,(direct),(none),(direct),2026-01-26
,(organic),organic,google,2026-01-26
,(direct),(none),(direct),2026-01-26
,(organic),organic,google,2026-01-26
,(organic),organic,google,2026-01-26
,(organic),organic,google,2026-01-26
,(direct),(none),(direct),2026-01-27
171101141441000,(direct),(none),(direct),2026-01-27
,(direct),(none),(direct),2026-01-27
,(direct),(none),(direct),2026-01-27
,EMAIL_MECANICA_ENERO,link,email,2026-01-27
,(organic),organic,google,2026-01-27
,(direct),(none),(direct),2026-01-27
,(direct),(none),(direct),2026-01-27
,EMAIL_MECANICA_ENERO,link,email,2026-01-27
,(direct),(none),(direct),2026-01-27
,EMAIL_PYMES_INDEPENDIENTES_GENERALES_ENERO,link,email,2026-01-27
,EMAIL_PYMES_INDEPENDIENTES_GENERALES_ENERO,link,email,2026-01-27
151105133615004,(direct),(none),(direct),2026-01-28
111108103323000,(direct),(none),(direct),2026-01-28
70831145844000,(direct),(none),(direct),2026-01-28
,botoncuentas,banner,app,2026-01-28
,(direct),(none),(direct),2026-01-28
,EMAIL_PYMES_INDEPENDIENTES_GENERALES_ENERO,link,email,2026-01-28
,(organic),organic,google,2026-01-28
,EMAIL_PYMES_INDEPENDIENTES_GENERALES_ENERO,link,email,2026-01-28
,(direct),(none),(direct),2026-01-28
,(direct),(none),(direct),2026-01-28
110415113550000,(organic),organic,google,2026-01-28
140808112544000,(direct),(none),(direct),2026-01-28
,(direct),(none),(direct),2026-01-28
,(direct),(none),(direct),2026-01-28
,always-on-personas-ajustes-proteccion-datos-personales,boton,app-bancolombia,2026-01-28
,(direct),(none),(direct),2026-01-28
,(organic),organic,google,2026-01-28
,(direct),(none),(direct),2026-01-28
110802111305003,(referral),referral,pse.todo1.com,2026-01-28
,EMAIL_PYMES_INDEPENDIENTES_GENERALES_ENERO,link,email,2026-01-28
,(direct),(none),(direct),2026-01-28
,(direct),(none),(direct),2026-01-28
,(direct),(none),(direct),2026-01-28
,(direct),(none),(direct),2026-01-28
,(direct),(none),(direct),2026-01-28
,EMAIL_PYMES_INDEPENDIENTES_GENERALES_ENERO,link,email,2026-01-28
,(direct),(none),(direct),2026-01-28
,EMAIL_PYMES_INDEPENDIENTES_GENERALES_ENERO,link,email,2026-01-28
,(direct),(none),(direct),2026-01-28
,(direct),(none),(direct),2026-01-28
,EMAIL_MECANICA_ENERO,link,email,2026-01-28
,EMAIL_PYMES_INDEPENDIENTES_REMARKETING_ENERO,link,email,2026-01-28
,(direct),(none),(direct),2026-01-28
,(direct),(none),(direct),2026-01-28
131010105112000,(organic),organic,google,2026-01-28
,(direct),(none),(direct),2026-01-28
,(direct),(none),(direct),2026-01-28
151117195938003,(direct),(none),(direct),2026-01-28
,(direct),(none),(direct),2026-01-28
,EMAIL_PYMES_INDEPENDIENTES_GENERALES_ENERO,link,email,2026-01-28
,EMAIL_MECANICA_ENERO,link,email,2026-01-28
151117195938003,(direct),(none),(direct),2026-01-28
,(direct),(none),(direct),2026-01-28
140910160226000,BANCOLOMBIA_PSN_EST_SEM_CONS_CPC_TRAFICO_MIGRACION_OIC5400002_SVP_023_NEGOCIO,cpc,google,2026-01-28
,(direct),(none),(direct),2026-01-28
,(direct),(none),(direct),2026-01-28
,EMAIL_PYMES_INDEPENDIENTES_GENERALES_ENERO,link,email,2026-01-28
,botoncuentas,banner,app,2026-01-28
,Htaccess-9-personas,Redirect,Organic,2026-01-28
,EMAIL_PYMES_INDEPENDIENTES_GENERALES_ENERO,link,email,2026-01-28
,(organic),organic,google,2026-01-28
,(direct),(none),(direct),2026-01-28
,(direct),(none),(direct),2026-01-28
,NavidadPagos,card,app,2026-01-28
140808112544000,(direct),(none),(direct),2026-01-28
,EMAIL_PYMES_INDEPENDIENTES_GENERALES_ENERO,link,email,2026-01-28
,(direct),(none),(direct),2026-01-28
210615161209000,(direct),(none),(direct),2026-01-28
,(direct),(none),(direct),2026-01-28
,(direct),(none),(direct),2026-01-28
110202093936001,(direct),(none),(direct),2026-01-28
,(organic),organic,google,2026-01-28
,NavidadPagos,card,app,2026-01-28
,(direct),(none),(direct),2026-01-28
,(direct),(none),(direct),2026-01-28
,(organic),organic,google,2026-01-28
,(direct),(none),(direct),2026-01-28
110802111305003,(referral),referral,pse.todo1.com,2026-01-28
,(direct),(none),(direct),2026-01-28
,EMAIL_PYMES_INDEPENDIENTES_GENERALES_ENERO,link,email,2026-01-28
61022102828092,(organic),organic,google,2026-01-28
,(direct),(none),(direct),2026-01-28
110202093936001,(direct),(none),(direct),2026-01-28
,(direct),(none),(direct),2026-01-28
,(direct),(none),(direct),2026-01-28
,(direct),(none),(direct),2026-01-28
,(direct),(none),(direct),2026-01-28
,(direct),(none),(direct),2026-01-28
,(direct),(none),(direct),2026-01-28
,(direct),(none),(direct),2026-01-28
,EMAIL_MECANICA_MAIL1_INDEPENDIENTES_MECANICA_MAIL1_NOVIEMBRE,link,email,2026-01-28
,EMAIL_PYMES_INDEPENDIENTES_GENERALES_ENERO,link,email,2026-01-28
,(direct),(none),(direct),2026-01-28
,(direct),(none),(direct),2026-01-28
,(direct),(none),(direct),2026-01-28
,(direct),(none),(direct),2026-01-28
,(direct),(none),(direct),2026-01-28
,(organic),organic,google,2026-01-28
,(direct),(none),(direct),2026-01-28
61022102828092,(organic),organic,google,2026-01-28
140910160226000,BANCOLOMBIA_PSN_EST_SEM_CONS_CPC_TRAFICO_MIGRACION_OIC5400002_SVP_023_NEGOCIO,cpc,google,2026-01-28
,(direct),(none),(direct),2026-01-29
,(direct),(none),(direct),2026-01-29
,(direct),(none),(direct),2026-01-29
,(direct),(none),(direct),2026-01-29
,(direct),(none),(direct),2026-01-29
,,App,MiB,2026-01-29
,(direct),(none),(direct),2026-01-29
,(direct),(none),(direct),2026-01-29
,(direct),(none),(direct),2026-01-29
,(organic),organic,google,2026-01-29
,(direct),(none),(direct),2026-01-29
,(direct),(none),(direct),2026-01-29
170527110251000,(direct),(none),(direct),2026-01-29
,(direct),(none),(direct),2026-01-29
,EMAIL_PYMES_INDEPENDIENTES_GENERALES_ENERO,link,email,2026-01-29
,EMAIL_MECANICA_MAIL1_INDEPENDIENTES_MECANICA_MAIL1_OCTUBRE,link,email,2026-01-29
,(direct),(none),(direct),2026-01-29
,EMAIL_MECANICA_MAIL1_INDEPENDIENTES_MECANICA_MAIL1_OCTUBRE,link,email,2026-01-29
951027151623000,(direct),(none),(direct),2026-01-29
,EMAIL_MECANICA_MAIL1_INDEPENDIENTES_MECANICA_MAIL1_OCTUBRE,link,email,2026-01-29
60323103748000,BANCOLOMBIA_USO_AON_SEM-PDB_PEF_CPA_CONVERSION_QR-COMERCIOS-DAVE_MDO00885_001_NEGOCIO,cpc,google,2026-01-29
,(direct),(none),(direct),2026-01-29
,(organic),organic,google,2026-01-29
110808161136008,always-on_tramitesysolicitudes,icono,app,2026-01-29
,(direct),(none),(direct),2026-01-29
61022102853653,(direct),(none),(direct),2026-01-29
,(direct),(none),(direct),2026-01-29
,EMAIL_PYMES_INDEPENDIENTES_REMARKETING_ENERO,link,email,2026-01-29
,(direct),(none),(direct),2026-01-29
,,App,MiB,2026-01-29
,(direct),(none),(direct),2026-01-29
951027151623000,(direct),(none),(direct),2026-01-29
,(direct),(none),(direct),2026-01-29
,(organic),organic,google,2026-01-29
,(direct),(none),(direct),2026-01-29
,EMAIL_PYMES_INDEPENDIENTES_GENERALES_ENERO,link,email,2026-01-29
,(direct),(none),(direct),2026-01-29
,(direct),(none),(direct),2026-01-29
,EMAIL_MECANICA_MAIL1_INDEPENDIENTES_MECANICA_MAIL1_OCTUBRE,link,email,2026-01-29
170711153433002,(organic),organic,google,2026-01-29
,(direct),(none),(direct),2026-01-29
,(direct),(none),(direct),2026-01-29
190214194143000,BANCOLOMBIA_PSN_EST_GPMAX_PEF_CPA_CONVERSION_DOMICILIACION_OIE6500002_024_NEGOCIO,cpc,google,2026-01-29
170527110251000,(direct),(none),(direct),2026-01-29
,EMAIL_MECANICA_MAIL1_INDEPENDIENTES_MECANICA_MAIL1_OCTUBRE,link,email,2026-01-29
,(direct),(none),(direct),2026-01-29
40330141314000,(direct),(none),(direct),2026-01-29
,(direct),(none),(direct),2026-01-29
,(direct),(none),(direct),2026-01-29
,EMAIL_PYMES_INDEPENDIENTES_GENERALES_ENERO,link,email,2026-01-29
,EMAIL_PYMES_INDEPENDIENTES_GENERALES_ENERO,link,email,2026-01-29
,(direct),(none),(direct),2026-01-29
,(direct),(none),(direct),2026-01-29
61022102853653,(direct),(none),(direct),2026-01-29
,(direct),(none),(direct),2026-01-29
170711153433002,(organic),organic,google,2026-01-29
,(direct),(none),(direct),2026-01-29
,(direct),(none),(direct),2026-01-29
,EMAIL_PYMES_INDEPENDIENTES_GENERALES_ENERO,link,email,2026-01-29
,(direct),(none),(direct),2026-01-29
,EMAIL_PYMES_INDEPENDIENTES_GENERALES_ENERO,link,email,2026-01-29
210226164951000,(organic),organic,google,2026-01-29
120816131157000,(direct),(none),(direct),2026-01-29
,(direct),(none),(direct),2026-01-29
200716211519000,(direct),(none),(direct),2026-01-29
,(direct),(none),(direct),2026-01-29